gene	p.value_gene	Q	mac.gene	snp_id	p.value_variant	test.snp.mac
SAMD11	0.586033689090844	201.235886241924	28.5576579986477	chr1:926005:TC:T	0.769508575812586	1.00008170935981
SAMD11	0.586033689090844	201.235886241924	28.5576579986477	chr1:926009:C:CGGTGGTGA	0.769494849532572	1.000143000143
SAMD11	0.586033689090844	201.235886241924	28.5576579986477	chr1:930175:CAA:C	0.808296104036945	1.01944860902882
SAMD11	0.586033689090844	201.235886241924	28.5576579986477	chr1:935806:G:A	0.769353408061788	1
SAMD11	0.586033689090844	201.235886241924	28.5576579986477	chr1:939313:GCCCCGGAGGA:G	0.0395849503655691	1.00852834541859
SAMD11	0.586033689090844	201.235886241924	28.5576579986477	chr1:939379:C:T	0.778857501290869	1.00430786904078
SAMD11	0.586033689090844	201.235886241924	28.5576579986477	chr1:941170:G:A	0.830284239069983	1.02803267328812
SAMD11	0.586033689090844	201.235886241924	28.5576579986477	chr1:941231:G:C	0.80739061701942	1.01885457421127
SAMD11	0.586033689090844	201.235886241924	28.5576579986477	chr1:942457:C:T	0.954628238747184	1.07903552851979
SAMD11	0.586033689090844	201.235886241924	28.5576579986477	chr1:942658:C:T	0.952393404321597	1.07810882825747
SAMD11	0.586033689090844	201.235886241924	28.5576579986477	chr1:942688:G:A	0.928208202554595	1.06815900859624
SAMD11	0.586033689090844	201.235886241924	28.5576579986477	chr1:942724:G:GC	0.864824769380435	1.04276890308839
SAMD11	0.586033689090844	201.235886241924	28.5576579986477	chr1:942751:AC:A	0.810603261577208	1.02089415297356
SAMD11	0.586033689090844	201.235886241924	28.5576579986477	chr1:942790:CCGGAAGGGGG:C	0.79723621850148	1.01501015880914
SAMD11	0.586033689090844	201.235886241924	28.5576579986477	chr1:942795:A:AG	0.607737246072339	4.06046154803127
SAMD11	0.586033689090844	201.235886241924	28.5576579986477	chr1:942866:C:T	0.796976901237533	1.01482080301805
SAMD11	0.586033689090844	201.235886241924	28.5576579986477	chr1:942899:TCGGA:T	0.796989249579714	1.01475770012022
SAMD11	0.586033689090844	201.235886241924	28.5576579986477	chr1:942938:AG:A	0.606705299500629	4.05877842027814
SAMD11	0.586033689090844	201.235886241924	28.5576579986477	chr1:943020:T:TG	0.79459759657113	1.01307784629392
SAMD11	0.586033689090844	201.235886241924	28.5576579986477	chr1:943343:T:TG	0.779678955710198	1.00455515430072
SAMD11	0.586033689090844	201.235886241924	28.5576579986477	chr1:943366:G:T	0.690516966822718	2.00783316587036
NOC2L	0.508572428031274	167.742319141314	16.0015935153293	chr1:945623:G:A	0.557566761929643	4
NOC2L	0.508572428031274	167.742319141314	16.0015935153293	chr1:946406:GC:G	0.612042834163174	3.00036770714169
NOC2L	0.508572428031274	167.742319141314	16.0015935153293	chr1:952052:CT:C	0.770076298252442	1.00038823841926
NOC2L	0.508572428031274	167.742319141314	16.0015935153293	chr1:953885:G:GAC	0.76993013940254	1.00026560424967
NOC2L	0.508572428031274	167.742319141314	16.0015935153293	chr1:954075:G:A	0.057180204945257	7.00057196551865
KLHL17	0.42930004269845	491.565321776184	31.257592949429	chr1:960762:GC:G	0.959929424219047	1.08696520947581
KLHL17	0.42930004269845	491.565321776184	31.257592949429	chr1:961341:CA:C	0.863898318134794	1.04225831860856
KLHL17	0.42930004269845	491.565321776184	31.257592949429	chr1:961446:GCGCGGCCTCCTGTGCGACAT:G	0.776660726206573	1.00315547905909
KLHL17	0.42930004269845	491.565321776184	31.257592949429	chr1:961640:G:GA	0.77895197357079	1.00441088976879
KLHL17	0.42930004269845	491.565321776184	31.257592949429	chr1:961649:C:CA	0.224671571959884	19.1010493028604
KLHL17	0.42930004269845	491.565321776184	31.257592949429	chr1:961748:C:T	0.0395849503655691	1.00373134328358
KLHL17	0.42930004269845	491.565321776184	31.257592949429	chr1:961988:C:CTGCA	0.769406652405698	1.0000204260882
KLHL17	0.42930004269845	491.565321776184	31.257592949429	chr1:962428:G:A	0.769774883606121	1.00018386483891
KLHL17	0.42930004269845	491.565321776184	31.257592949429	chr1:962433:A:T	0.769934707437805	1.00024516814449
KLHL17	0.42930004269845	491.565321776184	31.257592949429	chr1:963397:G:A	0.769774883606121	1.00018386483891
KLHL17	0.42930004269845	491.565321776184	31.257592949429	chr1:964152:TGG:T	0.769353408061788	1
KLHL17	0.42930004269845	491.565321776184	31.257592949429	chr1:964155:C:CCA	0.769353408061788	1
KLHL17	0.42930004269845	491.565321776184	31.257592949429	chr1:964385:C:T	0.798170405891881	1.01538908246225
PLEKHN1	0.818187655573585	41.3472174464735	33.3524168280713	chr1:970569:CAGGCCCACGGCTCGGA:C	0.76945532404248	1.00006128076805
PLEKHN1	0.818187655573585	41.3472174464735	33.3524168280713	chr1:970576:A:ACGGCT	0.769557256498834	1.00012256904723
PLEKHN1	0.818187655573585	41.3472174464735	33.3524168280713	chr1:970582:C:A	0.558034918236719	4.00040855514473
PLEKHN1	0.818187655573585	41.3472174464735	33.3524168280713	chr1:970734:C:T	0.0791699007311844	2.00053120849934
PLEKHN1	0.818187655573585	41.3472174464735	33.3524168280713	chr1:970970:C:CG	0.705970029707413	2.01967781192632
PLEKHN1	0.818187655573585	41.3472174464735	33.3524168280713	chr1:971122:A:ACCCGG	0.791327201426809	1.01113199363886
PLEKHN1	0.818187655573585	41.3472174464735	33.3524168280713	chr1:971134:A:ACGGCGTCAGGGCACGAACC	0.793232522306808	1.01221907498915
PLEKHN1	0.818187655573585	41.3472174464735	33.3524168280713	chr1:971177:CG:C	0.796402057688659	1.01412710249399
PLEKHN1	0.818187655573585	41.3472174464735	33.3524168280713	chr1:971206:C:CAGGTGGGTGGG	0.798072259996366	1.01528379751561
PLEKHN1	0.818187655573585	41.3472174464735	33.3524168280713	chr1:972319:C:A	0.774474924037802	1.00225188339338
PLEKHN1	0.818187655573585	41.3472174464735	33.3524168280713	chr1:972916:CG:C	0.804967825870169	1.01840950221538
PLEKHN1	0.818187655573585	41.3472174464735	33.3524168280713	chr1:973219:C:T	0.663508509676386	3.05084957002202
PLEKHN1	0.818187655573585	41.3472174464735	33.3524168280713	chr1:973536:CCT:C	0.769348830290671	1.0000204260882
PLEKHN1	0.818187655573585	41.3472174464735	33.3524168280713	chr1:973636:AG:A	0.769370032430496	1.00018386483891
PLEKHN1	0.818187655573585	41.3472174464735	33.3524168280713	chr1:973893:CCT:C	0.787687341907642	1.00792621415189
PLEKHN1	0.818187655573585	41.3472174464735	33.3524168280713	chr1:973973:CCTGCAGTCCAGAG:C	0.789789141613174	1.00971394394374
PLEKHN1	0.818187655573585	41.3472174464735	33.3524168280713	chr1:974018:T:TG	0.807370219789382	1.0186425866589
PLEKHN1	0.818187655573585	41.3472174464735	33.3524168280713	chr1:974029:AG:A	0.438263787493159	7.15013561443772
PLEKHN1	0.818187655573585	41.3472174464735	33.3524168280713	chr1:974551:TG:T	0.707753942011409	2.02071982829784
PERM1	0.946681120906757	2.9051809468411	26.2238081350947	chr1:976498:C:T	0.0395849503655691	1.01219814753556
PERM1	0.946681120906757	2.9051809468411	26.2238081350947	chr1:978958:GCCGA:G	0.72470243611548	2.03512564171845
PERM1	0.946681120906757	2.9051809468411	26.2238081350947	chr1:979185:CAT:C	0.531033808949773	5.0217453739794
PERM1	0.946681120906757	2.9051809468411	26.2238081350947	chr1:979341:A:AG	0.797125894988698	1.01496807363795
PERM1	0.946681120906757	2.9051809468411	26.2238081350947	chr1:979445:G:A	0.797032056741506	1.01635872949969
PERM1	0.946681120906757	2.9051809468411	26.2238081350947	chr1:979541:G:A	0.710712846842288	2.02498242130951
PERM1	0.946681120906757	2.9051809468411	26.2238081350947	chr1:979847:A:AGG	0.485807309022422	6.01782312088993
PERM1	0.946681120906757	2.9051809468411	26.2238081350947	chr1:980171:CT:C	0.769353408061788	1
PERM1	0.946681120906757	2.9051809468411	26.2238081350947	chr1:980192:CTG:C	0.769406652405698	1.0000204260882
PERM1	0.946681120906757	2.9051809468411	26.2238081350947	chr1:980210:G:A	0.769779454168404	1.00016343207354
PERM1	0.946681120906757	2.9051809468411	26.2238081350947	chr1:980423:G:A	0.800607427197886	1.01629543520229
PERM1	0.946681120906757	2.9051809468411	26.2238081350947	chr1:980474:G:A	0.0791699007311844	2.03246429757556
PERM1	0.946681120906757	2.9051809468411	26.2238081350947	chr1:980486:G:A	0.718884294834428	2.0316630355846
HES4	0.877306454022254	10.7094417915708	18.7679295184631	chr1:999730:G:A	0.0395849503655691	1.00006128076805
HES4	0.877306454022254	10.7094417915708	18.7679295184631	chr1:999790:G:A	0.617244471127983	3.00472576256623
HES4	0.877306454022254	10.7094417915708	18.7679295184631	chr1:999860:C:CGT	0.82110866278931	1.02433308923528
HES4	0.877306454022254	10.7094417915708	18.7679295184631	chr1:999865:C:G	0.82567441899819	1.026244078313
HES4	0.877306454022254	10.7094417915708	18.7679295184631	chr1:999866:CT:C	0.703973096392702	3.07937772559544
HES4	0.877306454022254	10.7094417915708	18.7679295184631	chr1:999951:T:TA	0.800721021423411	9.63318758198513
ISG15	0.16676999044901	264.923390684192	1.000143000143	single_variant	0.0395849503655691	1.000143000143
WRAP73	0.0658876996095359	730.629441272856	6.00566608943902	chr1:3630984:G:GC	0.611958163969921	3.00030641635855
WRAP73	0.0658876996095359	730.629441272856	6.00566608943902	chr1:3633427:GC:G	0.780849480427099	1.00535967308048
WRAP73	0.0658876996095359	730.629441272856	6.00566608943902	chr1:3635283:CA:C	0.0395849503655691	1
WRAP73	0.0658876996095359	730.629441272856	6.00566608943902	chr1:3647540:CCGGTA:C	0.0395849503655691	1
TP73	0.353638605693736	686.245830613082	34.3139649011347	chr1:3707769:C:T	0.68068039429391	2.0013490035769
TP73	0.353638605693736	686.245830613082	34.3139649011347	chr1:3722088:C:T	0.769353408061788	1
TP73	0.353638605693736	686.245830613082	34.3139649011347	chr1:3722124:T:C	0.769353408061788	1
TP73	0.353638605693736	686.245830613082	34.3139649011347	chr1:3722126:C:G	0.769353408061788	1
TP73	0.353638605693736	686.245830613082	34.3139649011347	chr1:3722189:G:A	0.770080864116511	1.00036779730282
TP73	0.353638605693736	686.245830613082	34.3139649011347	chr1:3723377:C:T	0.0791699007311844	2.00016341871961
TP73	0.353638605693736	686.245830613082	34.3139649011347	chr1:3723414:T:C	0.679012436965677	2.00044946574867
TP73	0.353638605693736	686.245830613082	34.3139649011347	chr1:3727220:C:T	0.67889070262588	2.00073559460564
TP73	0.353638605693736	686.245830613082	34.3139649011347	chr1:3727644:C:T	0.796581206162757	1.01442128382578
TP73	0.353638605693736	686.245830613082	34.3139649011347	chr1:3727647:C:T	0.796530223663867	1.01437924747224
TP73	0.353638605693736	686.245830613082	34.3139649011347	chr1:3727663:G:C	0.796280943417639	1.01444230330909
TP73	0.353638605693736	686.245830613082	34.3139649011347	chr1:3727713:C:T	0.715981947238993	2.0296836781228
TP73	0.353638605693736	686.245830613082	34.3139649011347	chr1:3727714:G:A	0.319124761080677	15.222943139653
TP73	0.353638605693736	686.245830613082	34.3139649011347	chr1:3727748:GA:G	0.797240330527741	1.01498911578729
TP73	0.353638605693736	686.245830613082	34.3139649011347	chr1:3729432:C:T	0.769459900012226	1.00004085301087
CCDC27	0.441999821814946	1008.50147870485	69.3221222867789	chr1:3752524:AAG:A	0.769353408061788	1
CCDC27	0.441999821814946	1008.50147870485	69.3221222867789	chr1:3754172:C:T	0.557566761929643	4
CCDC27	0.441999821814946	1008.50147870485	69.3221222867789	chr1:3755461:AC:A	0.769339674211499	1.00006128076805
CCDC27	0.441999821814946	1008.50147870485	69.3221222867789	chr1:3755468:G:T	0.00228631798530179	5
CCDC27	0.441999821814946	1008.50147870485	69.3221222867789	chr1:3755550:C:G	0.769348830290671	1.0000204260882
CCDC27	0.441999821814946	1008.50147870485	69.3221222867789	chr1:3756802:C:CTT	0.925622486151677	36.0022061076499
CCDC27	0.441999821814946	1008.50147870485	69.3221222867789	chr1:3756869:C:A	0.785335437297502	1.0068276230823
CCDC27	0.441999821814946	1008.50147870485	69.3221222867789	chr1:3756873:TCA:T	0.790210349549707	1.00879849992788
CCDC27	0.441999821814946	1008.50147870485	69.3221222867789	chr1:3761289:C:A	0.0395849503655691	1.00018386483891
CCDC27	0.441999821814946	1008.50147870485	69.3221222867789	chr1:3761299:CTGGAGATACAGGT:C	0.769721615521577	1.00016343207354
CCDC27	0.441999821814946	1008.50147870485	69.3221222867789	chr1:3762620:G:T	0.842055219848771	1.03376338182816
CCDC27	0.441999821814946	1008.50147870485	69.3221222867789	chr1:3763146:GC:G	0.805075129756877	1.01815534990122
CCDC27	0.441999821814946	1008.50147870485	69.3221222867789	chr1:3763156:G:T	0.804181312154878	1.01783783783784
CCDC27	0.441999821814946	1008.50147870485	69.3221222867789	chr1:3763337:TC:T	0.796968838437245	1.01184251317557
CCDC27	0.441999821814946	1008.50147870485	69.3221222867789	chr1:3763407:C:G	0.812647041343063	2.08013256288239
CCDC27	0.441999821814946	1008.50147870485	69.3221222867789	chr1:3763425:C:CT	0.882048876335405	1.04602170754636
CCDC27	0.441999821814946	1008.50147870485	69.3221222867789	chr1:3763429:C:T	0.840618118185304	2.095535676069
CCDC27	0.441999821814946	1008.50147870485	69.3221222867789	chr1:3763741:C:T	0.769353408061788	1
CCDC27	0.441999821814946	1008.50147870485	69.3221222867789	chr1:3763756:C:T	0.611534942641449	3
CCDC27	0.441999821814946	1008.50147870485	69.3221222867789	chr1:3767384:A:AG	0.769881429564231	1.00022473287433
CCDC27	0.441999821814946	1008.50147870485	69.3221222867789	chr1:3769793:T:G	0.678325803604638	2.00032686414709
CCDC27	0.441999821814946	1008.50147870485	69.3221222867789	chr1:3769818:CT:C	0.769348830290671	1.0000204260882
LRRC47	0.448448191856274	1354.54458021406	107.091546039067	chr1:3784025:CT:C	0.772206095921446	1.00122704405088
LRRC47	0.448448191856274	1354.54458021406	107.091546039067	chr1:3786894:C:CAT	0.794737564925732	1.01326655214521
LRRC47	0.448448191856274	1354.54458021406	107.091546039067	chr1:3796026:A:T	0.715783801921432	2.02934715025907
LRRC47	0.448448191856274	1354.54458021406	107.091546039067	chr1:3796046:A:G	0.797099539539629	1.01479976784678
LRRC47	0.448448191856274	1354.54458021406	107.091546039067	chr1:3796061:T:C	0.797142349966528	1.01488391376451
LRRC47	0.448448191856274	1354.54458021406	107.091546039067	chr1:3796079:C:A	0.797146463298692	1.01486287597687
LRRC47	0.448448191856274	1354.54458021406	107.091546039067	chr1:3796083:G:C	0.79719750614212	1.01490495242439
LRRC47	0.448448191856274	1354.54458021406	107.091546039067	chr1:3796112:G:A	0.718959987520773	2.03170519151762
LRRC47	0.448448191856274	1354.54458021406	107.091546039067	chr1:3796116:C:G	0.799855419879603	1.01618996222342
LRRC47	0.448448191856274	1354.54458021406	107.091546039067	chr1:3796130:G:C	0.259444586854999	80.4208928534298
LRRC47	0.448448191856274	1354.54458021406	107.091546039067	chr1:3796164:C:A	0.0395849503655691	1.02232245400823
LRRC47	0.448448191856274	1354.54458021406	107.091546039067	chr1:3796167:G:A	0.639559184775712	4.09142570616747
LRRC47	0.448448191856274	1354.54458021406	107.091546039067	chr1:3796190:C:T	0.822092697810232	1.02598600108974
LRRC47	0.448448191856274	1354.54458021406	107.091546039067	chr1:3796194:G:A	0.822868801130632	1.02639468332669
LRRC47	0.448448191856274	1354.54458021406	107.091546039067	chr1:3796227:G:A	0.835345571796089	1.03173733456967
LRRC47	0.448448191856274	1354.54458021406	107.091546039067	chr1:3796241:C:G	0.836733908726443	1.03221589711153
LRRC47	0.448448191856274	1354.54458021406	107.091546039067	chr1:3796266:C:T	0.837418609078662	1.0325206681289
LRRC47	0.448448191856274	1354.54458021406	107.091546039067	chr1:3796304:C:T	0.819510360199113	1.02521254763999
LRRC47	0.448448191856274	1354.54458021406	107.091546039067	chr1:3796356:G:A	0.849850619305009	1.03748755006463
LRRC47	0.448448191856274	1354.54458021406	107.091546039067	chr1:3796397:G:A	0.861886135144466	3.19416293332173
CEP104	0.290580279677553	1293.39007684662	51.0336305332612	chr1:3823221:CCAGCTTCTCCGGTTTGG:C	0.679577730300729	2.00085824631669
CEP104	0.290580279677553	1293.39007684662	51.0336305332612	chr1:3825760:GT:G	0.677276846754885	2.0129515038135
CEP104	0.290580279677553	1293.39007684662	51.0336305332612	chr1:3825763:T:A	0.76904054818804	1.00424606674735
CEP104	0.290580279677553	1293.39007684662	51.0336305332612	chr1:3825801:C:T	0.678356817613971	2.0001225615361
CEP104	0.290580279677553	1293.39007684662	51.0336305332612	chr1:3825835:AT:A	0.678232726820926	2.0009400224788
CEP104	0.290580279677553	1293.39007684662	51.0336305332612	chr1:3826723:T:A	0.769348830290671	1.0000204260882
CEP104	0.290580279677553	1293.39007684662	51.0336305332612	chr1:3829316:CT:C	0.769353408061788	1
CEP104	0.290580279677553	1293.39007684662	51.0336305332612	chr1:3831136:GT:G	0.558120542332421	4.000572000572
CEP104	0.290580279677553	1293.39007684662	51.0336305332612	chr1:3835059:G:A	0.611767031109228	3.00036770714169
CEP104	0.290580279677553	1293.39007684662	51.0336305332612	chr1:3835075:A:T	0.678921675170213	2.00053120849934
CEP104	0.290580279677553	1293.39007684662	51.0336305332612	chr1:3837356:ATAGT:A	0.679185687832583	2.00085824631669
CEP104	0.290580279677553	1293.39007684662	51.0336305332612	chr1:3837408:G:A	0.377033376225581	14.0057215251951
CEP104	0.290580279677553	1293.39007684662	51.0336305332612	chr1:3837503:TC:T	0.770245317786438	1.00040868037108
CEP104	0.290580279677553	1293.39007684662	51.0336305332612	chr1:3837516:G:A	0.560115356329769	4.00515390121689
CEP104	0.290580279677553	1293.39007684662	51.0336305332612	chr1:3848732:G:A	0.678307192419203	2.00044946574867
CEP104	0.290580279677553	1293.39007684662	51.0336305332612	chr1:3848738:T:A	0.512007417389487	5.00020426505433
CEP104	0.290580279677553	1293.39007684662	51.0336305332612	chr1:3852358:TC:T	0.678441354399816	2.00008170602173
CEP104	0.290580279677553	1293.39007684662	51.0336305332612	chr1:3852400:T:TG	0.769668350699959	1.000143000143
DFFB	0.166758243771847	484.868001427651	10.055868806411	chr1:3857665:T:TGGCTGGCCGGAGCTGCCAGGAGGTGCTGCGC	0.28715551537045	5.05586880641097
DFFB	0.166758243771847	484.868001427651	10.055868806411	chr1:3867985:C:T	0.0791699007311844	2
DFFB	0.166758243771847	484.868001427651	10.055868806411	chr1:3867997:A:T	0.678375423240293	2
DFFB	0.166758243771847	484.868001427651	10.055868806411	chr1:3868017:C:G	0.769353408061788	1
C1orf174	0.00123744067531373	6310.89958704622	19.0007559029758	chr1:3890031:G:A	0.00313319203927928	2.0000408521764
C1orf174	0.00123744067531373	6310.89958704622	19.0007559029758	chr1:3890572:C:CGG	0.0395849503655691	1.0000204260882
C1orf174	0.00123744067531373	6310.89958704622	19.0007559029758	chr1:3890665:C:CTT	0.0395849503655691	1
C1orf174	0.00123744067531373	6310.89958704622	19.0007559029758	chr1:3890709:GCA:G	0.769353408061788	1
C1orf174	0.00123744067531373	6310.89958704622	19.0007559029758	chr1:3890840:GC:G	0.611534942641449	3
C1orf174	0.00123744067531373	6310.89958704622	19.0007559029758	chr1:3890934:T:A	0.42729767367645	6
C1orf174	0.00123744067531373	6310.89958704622	19.0007559029758	chr1:3890959:AG:A	0.769353408061788	1
C1orf174	0.00123744067531373	6310.89958704622	19.0007559029758	chr1:3890975:A:C	0.769348830290671	1.0000204260882
C1orf174	0.00123744067531373	6310.89958704622	19.0007559029758	chr1:3892957:G:A	0.102746291471494	3.000674198623
AJAP1	0.678889540572282	7.82728098749032	2.00004085301087	chr1:4712634:CT:C	0.769353408061788	1
AJAP1	0.678889540572282	7.82728098749032	2.00004085301087	chr1:4772457:GC:G	0.769459900012226	1.00004085301087
GPR153	0.328200428172081	661.96346786458	27.7993196913531	chr1:6249359:GT:G	0.0395849503655691	1.01553651807754
GPR153	0.328200428172081	661.96346786458	27.7993196913531	chr1:6249437:CGCGCGCA:C	0.352878227842419	6.12945497036975
GPR153	0.328200428172081	661.96346786458	27.7993196913531	chr1:6249461:C:T	0.394605560178257	15.4143402879812
GPR153	0.328200428172081	661.96346786458	27.7993196913531	chr1:6249523:C:CT	0.887186746589556	1.05233970294263
GPR153	0.328200428172081	661.96346786458	27.7993196913531	chr1:6250004:C:T	0.987028591493446	2.1865035058729
GPR153	0.328200428172081	661.96346786458	27.7993196913531	chr1:6251475:CAG:C	0.0395849503655691	1.00089953796459
GPR153	0.328200428172081	661.96346786458	27.7993196913531	chr1:6254134:T:A	0.769934707437805	1.00024516814449
ACOT7	0.548957848476951	40.9814280055666	5.04826511561995	chr1:6281104:CCAGCTGGGGCA:C	0.77694743248866	1.00344332855093
ACOT7	0.548957848476951	40.9814280055666	5.04826511561995	chr1:6294933:G:A	0.769459900012226	1.00004085301087
ACOT7	0.548957848476951	40.9814280055666	5.04826511561995	chr1:6349817:TC:T	0.773355160056203	1.00180069572335
ACOT7	0.548957848476951	40.9814280055666	5.04826511561995	chr1:6393362:AG:A	0.803982313636615	1.0182612312812
ACOT7	0.548957848476951	40.9814280055666	5.04826511561995	chr1:6393372:CG:C	0.81887265620135	1.0247190070536
HES2	0.128584917290656	1342.91573966279	20.8475990035601	chr1:6418887:A:G	0.982517966150592	3.27894983591186
HES2	0.128584917290656	1342.91573966279	20.8475990035601	chr1:6418889:A:T	0.989511796711263	1.09286128845038
HES2	0.128584917290656	1342.91573966279	20.8475990035601	chr1:6419012:A:C	0.927816649257126	1.06825223652629
HES2	0.128584917290656	1342.91573966279	20.8475990035601	chr1:6419040:G:T	0.898975692403675	1.05679193558832
HES2	0.128584917290656	1342.91573966279	20.8475990035601	chr1:6419070:G:A	0.869498305291149	1.04512851165571
HES2	0.128584917290656	1342.91573966279	20.8475990035601	chr1:6419093:A:C	0.0395849503655691	1.0384778550823
HES2	0.128584917290656	1342.91573966279	20.8475990035601	chr1:6419102:G:A	0.689681800824219	4.13627626993347
HES2	0.128584917290656	1342.91573966279	20.8475990035601	chr1:6419258:C:T	0.78097500917007	1.00531838436108
HES2	0.128584917290656	1342.91573966279	20.8475990035601	chr1:6419661:G:C	0.0395849503655691	1.0182612312812
HES2	0.128584917290656	1342.91573966279	20.8475990035601	chr1:6419663:TGC:T	0.0395849503655691	1.01845187327079
HES2	0.128584917290656	1342.91573966279	20.8475990035601	chr1:6419671:C:T	0.619100020925435	4.07135135135135
HES2	0.128584917290656	1342.91573966279	20.8475990035601	chr1:6419678:G:C	0.8029391009646	1.01747823014735
ESPN	0.442364693182528	120.909416563921	9.11093064834327	chr1:6425155:C:CCCGCAACGGCG	0.978065308153412	1.08814900426743
ESPN	0.442364693182528	120.909416563921	9.11093064834327	chr1:6460008:GGAGC:G	0.773957378258672	1.00196471695796
ESPN	0.442364693182528	120.909416563921	9.11093064834327	chr1:6460012:C:T	0.774707186776887	1.00225188339338
ESPN	0.442364693182528	120.909416563921	9.11093064834327	chr1:6460063:CG:C	0.773596233611657	1.00175969880504
ESPN	0.442364693182528	120.909416563921	9.11093064834327	chr1:6460111:G:A	0.526217917919817	5.01680534491946
TNFRSF25	0.750593906209106	82.0175826115662	34.2871224280451	chr1:6461445:G:C	0.795169159150338	1.01347630778148
TNFRSF25	0.750593906209106	82.0175826115662	34.2871224280451	chr1:6461460:G:T	0.711392633742349	2.0247311827957
TNFRSF25	0.750593906209106	82.0175826115662	34.2871224280451	chr1:6461478:C:T	0.709075729619121	2.02222222222222
TNFRSF25	0.750593906209106	82.0175826115662	34.2871224280451	chr1:6461492:C:T	0.535427228416572	18.1876044826946
TNFRSF25	0.750593906209106	82.0175826115662	34.2871224280451	chr1:6461547:G:C	0.778511544480825	1.00401952339937
TNFRSF25	0.750593906209106	82.0175826115662	34.2871224280451	chr1:6461558:TCGTA:T	0.777820917079641	1.00371076531972
TNFRSF25	0.750593906209106	82.0175826115662	34.2871224280451	chr1:6461570:T:C	0.0395849503655691	1.00348446339264
TNFRSF25	0.750593906209106	82.0175826115662	34.2871224280451	chr1:6461591:A:T	0.779625052830032	1.00453454254468
TNFRSF25	0.750593906209106	82.0175826115662	34.2871224280451	chr1:6461619:G:A	0.784782549238804	1.00695187165775
TNFRSF25	0.750593906209106	82.0175826115662	34.2871224280451	chr1:6461669:T:C	0.797364234177952	1.0137491199735
TNFRSF25	0.750593906209106	82.0175826115662	34.2871224280451	chr1:6462631:GT:G	0.769353408061788	1
TNFRSF25	0.750593906209106	82.0175826115662	34.2871224280451	chr1:6462880:TG:T	0.769406652405698	1.0000204260882
TNFRSF25	0.750593906209106	82.0175826115662	34.2871224280451	chr1:6462946:GC:G	0.769779454168403	1.00016343207354
TNFRSF25	0.750593906209106	82.0175826115662	34.2871224280451	chr1:6464707:GC:G	0.682320709847815	2.00245408810176
PLEKHG5	0.497927607413824	318.276027364046	27.1989796828311	chr1:6467916:GT:G	0.830215617881392	1.02770897182921
PLEKHG5	0.497927607413824	318.276027364046	27.1989796828311	chr1:6468098:C:A	0.800993507751131	1.0158315177923
PLEKHG5	0.497927607413824	318.276027364046	27.1989796828311	chr1:6468294:G:A	0.455792591693347	8.09106121015556
PLEKHG5	0.497927607413824	318.276027364046	27.1989796828311	chr1:6468458:G:GC	0.525263463819798	5.0149553388511
PLEKHG5	0.497927607413824	318.276027364046	27.1989796828311	chr1:6468468:TGA:T	0.620118323058865	3.00706344819114
PLEKHG5	0.497927607413824	318.276027364046	27.1989796828311	chr1:6468527:AGC:A	0.102759383502804	3.00104207106516
PLEKHG5	0.497927607413824	318.276027364046	27.1989796828311	chr1:6468557:GC:G	0.769881429564231	1.00022473287433
PLEKHG5	0.497927607413824	318.276027364046	27.1989796828311	chr1:6470530:T:TTCCA	0.0395849503655691	1.00381366357746
PLEKHG5	0.497927607413824	318.276027364046	27.1989796828311	chr1:6473150:C:A	0.0395849503655691	1.00018386483891
PLEKHG5	0.497927607413824	318.276027364046	27.1989796828311	chr1:6473320:C:T	0.797575480332804	1.01509433962264
PLEKHG5	0.497927607413824	318.276027364046	27.1989796828311	chr1:6496553:AGCGGG:A	0.820253551394561	1.02195967102242
PLEKHG5	0.497927607413824	318.276027364046	27.1989796828311	chr1:6519475:G:A	0.769344252340566	1.00004085301087
NOL9	0.472854328470502	70.4502315050235	6.00024513141847	chr1:6532728:G:A	0.769353408061788	1
NOL9	0.472854328470502	70.4502315050235	6.00024513141847	chr1:6533377:T:TA	0.769321359905106	1.000143000143
NOL9	0.472854328470502	70.4502315050235	6.00024513141847	chr1:6544849:G:C	0.769344252340566	1.00004085301087
NOL9	0.472854328470502	70.4502315050235	6.00024513141847	chr1:6545118:C:CT	0.611527666695917	3.0000612782646
TAS1R1	0.0107473373527134	2806.24388095089	14.1726747920418	chr1:6555507:C:CT	0.00278059739187295	11.1579405366207
TAS1R1	0.0107473373527134	2806.24388095089	14.1726747920418	chr1:6555524:C:CTGCA	0.796595092839531	1.01465254606122
TAS1R1	0.0107473373527134	2806.24388095089	14.1726747920418	chr1:6571028:ATG:A	0.769353408061788	1
TAS1R1	0.0107473373527134	2806.24388095089	14.1726747920418	chr1:6571144:GTGAT:G	0.769508575812586	1.00008170935981
AGRN	0.307837194378454	426.250021196743	18.3452465822576	chr1:1040819:G:GC	0.798213345281413	1.01547332614287
AGRN	0.307837194378454	426.250021196743	18.3452465822576	chr1:1043375:CACAT:C	0.601073258062997	4.04879259014224
AGRN	0.307837194378454	426.250021196743	18.3452465822576	chr1:1044389:GGT:G	0.784674555439718	1.00746990431114
AGRN	0.307837194378454	426.250021196743	18.3452465822576	chr1:1044436:C:T	0.795982147977548	1.01385408685208
AGRN	0.307837194378454	426.250021196743	18.3452465822576	chr1:1046593:GC:G	0.786319586833729	1.00829986613119
AGRN	0.307837194378454	426.250021196743	18.3452465822576	chr1:1047610:AT:A	0.769353408061788	1
AGRN	0.307837194378454	426.250021196743	18.3452465822576	chr1:1048264:C:G	0.716789774507903	2.03031496879341
AGRN	0.307837194378454	426.250021196743	18.3452465822576	chr1:1048977:CAG:C	0.941217055444865	2.16064257028112
AGRN	0.307837194378454	426.250021196743	18.3452465822576	chr1:1049416:CTT:C	0.776012000194978	1.00292942743009
AGRN	0.307837194378454	426.250021196743	18.3452465822576	chr1:1049744:C:T	0.794685783725549	1.01293112366292
AGRN	0.307837194378454	426.250021196743	18.3452465822576	chr1:1051344:C:CT	0.800267172362021	1.01621105506777
AGRN	0.307837194378454	426.250021196743	18.3452465822576	chr1:1051364:C:T	0.800872158870815	1.01646423751687
AGRN	0.307837194378454	426.250021196743	18.3452465822576	chr1:1051591:GCTGC:G	0.792654427873782	1.01186342592593
C1orf159	0.142957576184498	1504.07918977276	24.1383974471307	chr1:1082927:G:T	0.00300766160686193	11.091755401314
C1orf159	0.142957576184498	1504.07918977276	24.1383974471307	chr1:1083952:G:A	0.698575725959876	2.0136552461646
C1orf159	0.142957576184498	1504.07918977276	24.1383974471307	chr1:1083977:TGGCGGAGGCC:T	0.78698210568065	1.00821680841862
C1orf159	0.142957576184498	1504.07918977276	24.1383974471307	chr1:1083992:GC:G	0.788329314520795	1.00908959746068
C1orf159	0.142957576184498	1504.07918977276	24.1383974471307	chr1:1084172:GC:G	0.769974286639232	1.00032691757591
C1orf159	0.142957576184498	1504.07918977276	24.1383974471307	chr1:1084201:GC:G	0.770889715402502	1.00063359699144
C1orf159	0.142957576184498	1504.07918977276	24.1383974471307	chr1:1084263:GCAAACCCGTTTGGGGA:G	0.77109854978025	1.0007358652549
C1orf159	0.142957576184498	1504.07918977276	24.1383974471307	chr1:1084282:AACCCACAGAGC:A	0.771045198301872	1.00071540992989
C1orf159	0.142957576184498	1504.07918977276	24.1383974471307	chr1:1085998:CCA:C	0.769872291510842	1.00026560424967
C1orf159	0.142957576184498	1504.07918977276	24.1383974471307	chr1:1087178:TG:T	0.786032108806539	1.00798847024913
C1orf159	0.142957576184498	1504.07918977276	24.1383974471307	chr1:1090417:G:A	0.68532648460019	2.00446273209278
C1orf159	0.142957576184498	1504.07918977276	24.1383974471307	chr1:1090970:CT:C	0.769403299833054	1.00055179742903
TTLL10	0.960868984013733	0.960851423586716	59.8756758539039	chr1:1179257:AC:A	0.159378941287408	31.4881636548476
TTLL10	0.960868984013733	0.960851423586716	59.8756758539039	chr1:1179667:TGCGTCAC:T	0.704097776982532	2.0187201055583
TTLL10	0.960868984013733	0.960851423586716	59.8756758539039	chr1:1179738:G:A	0.794059904880879	1.01251215022853
TTLL10	0.960868984013733	0.960851423586716	59.8756758539039	chr1:1180512:G:A	0.659070919531209	3.04711520507873
TTLL10	0.960868984013733	0.960851423586716	59.8756758539039	chr1:1180546:C:A	0.279015447111875	5.0753664655512
TTLL10	0.960868984013733	0.960851423586716	59.8756758539039	chr1:1180574:C:T	0.00736983578962171	7.10507111166397
TTLL10	0.960868984013733	0.960851423586716	59.8756758539039	chr1:1180805:G:T	0.559079019320635	5.06224667052693
TTLL10	0.960868984013733	0.960851423586716	59.8756758539039	chr1:1185021:G:A	0.775596167088682	1.00270347765535
TTLL10	0.960868984013733	0.960851423586716	59.8756758539039	chr1:1185129:C:CA	0.688800302000309	2.0076684915216
TTLL10	0.960868984013733	0.960851423586716	59.8756758539039	chr1:1197608:TC:T	0.760367910114408	2.05610852127168
TNFRSF18	0.581324099107571	333.999874804219	50.1603729774024	chr1:1203627:AG:A	0.866734972112147	2.11385764556033
TNFRSF18	0.581324099107571	333.999874804219	50.1603729774024	chr1:1203643:GTC:G	0.770673748611384	4.19493177387914
TNFRSF18	0.581324099107571	333.999874804219	50.1603729774024	chr1:1203704:G:A	0.802603495086453	1.01673866090713
TNFRSF18	0.581324099107571	333.999874804219	50.1603729774024	chr1:1206384:C:T	0.75637061758469	2.05520223327666
TNFRSF18	0.581324099107571	333.999874804219	50.1603729774024	chr1:1206427:A:AGC	0.710775297684474	40.7796426637791
TNFRSF4	0.541510107091386	42.4200892903049	5.0350705214289	chr1:1212005:G:GCTGGA	0.791735558043427	1.0111528770292
TNFRSF4	0.541510107091386	42.4200892903049	5.0350705214289	chr1:1212060:T:TG	0.581737640885235	4.0239176443997
SDF4	0.129298675264572	1409.5578784439	27.0123751647338	chr1:1217724:TC:T	0.770671829342704	1.00057224606581
SDF4	0.129298675264572	1409.5578784439	27.0123751647338	chr1:1217774:C:CT	0.776378848167273	1.00311437118387
SDF4	0.129298675264572	1409.5578784439	27.0123751647338	chr1:1218933:A:AG	0.769353408061788	1
SDF4	0.129298675264572	1409.5578784439	27.0123751647338	chr1:1218955:G:A	0.330865739322054	11.0002246869702
SDF4	0.129298675264572	1409.5578784439	27.0123751647338	chr1:1218963:C:CA	0.769459900012226	1.00004085301087
SDF4	0.129298675264572	1409.5578784439	27.0123751647338	chr1:1223345:C:T	0.769321359905106	1.000143000143
SDF4	0.129298675264572	1409.5578784439	27.0123751647338	chr1:1228494:CCGGCTCCGCCG:C	0.38338097266791	9.00828000736001
SDF4	0.129298675264572	1409.5578784439	27.0123751647338	chr1:1228661:G:A	0.678375423240293	2
B3GALT6	0.862145401192728	54.3501378129669	69.3048228536738	chr1:1232531:G:C	0.879357701413039	1.04936234058515
B3GALT6	0.862145401192728	54.3501378129669	69.3048228536738	chr1:1232551:G:C	0.836974511011596	1.03223766050307
B3GALT6	0.862145401192728	54.3501378129669	69.3048228536738	chr1:1232573:GC:G	0.815701848220738	1.02289916844261
B3GALT6	0.862145401192728	54.3501378129669	69.3048228536738	chr1:1232672:C:T	0.777439606373577	1.00331994425773
B3GALT6	0.862145401192728	54.3501378129669	69.3048228536738	chr1:1232697:T:C	0.686229887264872	2.00475001023709
B3GALT6	0.862145401192728	54.3501378129669	69.3048228536738	chr1:1232748:A:G	0.773266212895355	1.00167771503396
B3GALT6	0.862145401192728	54.3501378129669	69.3048228536738	chr1:1232750:G:T	0.0395849503655691	1.00173920160416
B3GALT6	0.862145401192728	54.3501378129669	69.3048228536738	chr1:1232751:A:C	0.0395849503655691	1.00233396118254
B3GALT6	0.862145401192728	54.3501378129669	69.3048228536738	chr1:1232752:C:G	0.684327407943903	2.00376539925511
B3GALT6	0.862145401192728	54.3501378129669	69.3048228536738	chr1:1232753:TC:T	0.684835946884085	2.0040524775374
B3GALT6	0.862145401192728	54.3501378129669	69.3048228536738	chr1:1232787:T:TGCGCGCCCGCGAGCCC	0.784608830613576	1.00666200600403
B3GALT6	0.862145401192728	54.3501378129669	69.3048228536738	chr1:1232832:T:G	0.667442036090442	3.0464831677418
B3GALT6	0.862145401192728	54.3501378129669	69.3048228536738	chr1:1232843:C:G	0.805475658473558	1.01633763052459
B3GALT6	0.862145401192728	54.3501378129669	69.3048228536738	chr1:1232849:C:T	0.808390710498002	1.01796481889633
B3GALT6	0.862145401192728	54.3501378129669	69.3048228536738	chr1:1232859:C:CG	0.422769695074067	11.2020384815393
B3GALT6	0.862145401192728	54.3501378129669	69.3048228536738	chr1:1232864:G:A	0.810174388316406	1.01898180909961
B3GALT6	0.862145401192728	54.3501378129669	69.3048228536738	chr1:1232867:C:T	0.811146066628047	1.01955475957434
B3GALT6	0.862145401192728	54.3501378129669	69.3048228536738	chr1:1232891:C:G	0.502650893348425	8.19535058902304
B3GALT6	0.862145401192728	54.3501378129669	69.3048228536738	chr1:1232909:C:T	0.822230122550377	1.02482625805911
B3GALT6	0.862145401192728	54.3501378129669	69.3048228536738	chr1:1232934:T:A	0.817930239162711	1.02356212498171
B3GALT6	0.862145401192728	54.3501378129669	69.3048228536738	chr1:1232936:C:T	0.817967972231807	1.02369053842133
B3GALT6	0.862145401192728	54.3501378129669	69.3048228536738	chr1:1232955:A:C	0.812921310920796	1.02166110183639
B3GALT6	0.862145401192728	54.3501378129669	69.3048228536738	chr1:1232992:G:T	0.541714623471527	6.10550382440971
B3GALT6	0.862145401192728	54.3501378129669	69.3048228536738	chr1:1232999:G:A	0.723017529475881	2.03428001578958
B3GALT6	0.862145401192728	54.3501378129669	69.3048228536738	chr1:1233004:C:A	0.61681691905698	4.06889816950279
B3GALT6	0.862145401192728	54.3501378129669	69.3048228536738	chr1:1233020:T:A	0.721281656842456	2.03322397109515
B3GALT6	0.862145401192728	54.3501378129669	69.3048228536738	chr1:1233045:G:A	0.0395849503655691	1.01629543520229
B3GALT6	0.862145401192728	54.3501378129669	69.3048228536738	chr1:1233083:C:T	0.798481347998518	1.0156207862255
B3GALT6	0.862145401192728	54.3501378129669	69.3048228536738	chr1:1233090:G:A	0.798008852718953	1.01530485275819
B3GALT6	0.862145401192728	54.3501378129669	69.3048228536738	chr1:1233176:T:TGCAA	0.804387755497211	1.01800715295683
B3GALT6	0.862145401192728	54.3501378129669	69.3048228536738	chr1:1233207:A:G	0.699529626666791	3.07782900251467
B3GALT6	0.862145401192728	54.3501378129669	69.3048228536738	chr1:1233212:TA:T	0.828782633792578	1.0279463329624
B3GALT6	0.862145401192728	54.3501378129669	69.3048228536738	chr1:1233241:C:G	0.924910110442593	1.0666695716589
B3GALT6	0.862145401192728	54.3501378129669	69.3048228536738	chr1:1233264:C:T	0.963570023533707	1.08199257425743
C1QTNF12	0.558890477670022	240.801577826427	29.5488892465569	chr1:1242627:AC:A	0.412221146276106	10.137071393076
C1QTNF12	0.558890477670022	240.801577826427	29.5488892465569	chr1:1242861:G:A	0.573328098744737	4.01509000697093
C1QTNF12	0.558890477670022	240.801577826427	29.5488892465569	chr1:1243084:C:CT	0.796046824094116	1.01412710249399
C1QTNF12	0.558890477670022	240.801577826427	29.5488892465569	chr1:1243085:A:AAG	0.796097765653008	1.01416911795169
C1QTNF12	0.558890477670022	240.801577826427	29.5488892465569	chr1:1243528:G:A	0.7978514360349	1.01519958527735
C1QTNF12	0.558890477670022	240.801577826427	29.5488892465569	chr1:1244017:G:T	0.799811438073659	1.01549438924727
C1QTNF12	0.558890477670022	240.801577826427	29.5488892465569	chr1:1244056:C:CT	0.792746515988887	1.01140354501508
C1QTNF12	0.558890477670022	240.801577826427	29.5488892465569	chr1:1244239:C:A	0.426205327220241	6.001348397246
C1QTNF12	0.558890477670022	240.801577826427	29.5488892465569	chr1:1246582:G:A	0.910995381363483	2.14323862890163
C1QTNF12	0.558890477670022	240.801577826427	29.5488892465569	chr1:1246617:GC:G	0.9766953648866	1.08773800795396
C1QTNF12	0.558890477670022	240.801577826427	29.5488892465569	chr1:1246681:AG:A	0.992406121408993	1.09400907242296
UBE2J2	0.610900965412054	17.6651681317876	3.00534059053426	single_variant	0.610900965412054	3.00534059053426
SCNN1D	0.0241780715239863	10261.1494960298	72.6395519598037	chr1:1284002:C:G	0.65881506802161	3.04679915363233
SCNN1D	0.0241780715239863	10261.1494960298	72.6395519598037	chr1:1285635:C:T	0.797516192147283	1.01509433962264
SCNN1D	0.0241780715239863	10261.1494960298	72.6395519598037	chr1:1285656:CAG:C	0.0395849503655691	1.01501015880914
SCNN1D	0.0241780715239863	10261.1494960298	72.6395519598037	chr1:1286108:CAA:C	0.000515919508829669	23.2632427072143
SCNN1D	0.0241780715239863	10261.1494960298	72.6395519598037	chr1:1286920:TC:T	0.770600276296157	1.00063359699144
SCNN1D	0.0241780715239863	10261.1494960298	72.6395519598037	chr1:1287139:C:T	0.68102973738338	2.00163538983605
SCNN1D	0.0241780715239863	10261.1494960298	72.6395519598037	chr1:1287203:TG:T	0.483654601051568	6.01388064284983
SCNN1D	0.0241780715239863	10261.1494960298	72.6395519598037	chr1:1287295:G:GC	0.801399448443755	1.01526274314628
SCNN1D	0.0241780715239863	10261.1494960298	72.6395519598037	chr1:1287298:C:T	0.456681647653162	9.14893793733519
SCNN1D	0.0241780715239863	10261.1494960298	72.6395519598037	chr1:1287831:C:T	0.716266910280558	2.02997823157458
SCNN1D	0.0241780715239863	10261.1494960298	72.6395519598037	chr1:1287968:C:G	0.717016359719464	2.03044127405441
SCNN1D	0.0241780715239863	10261.1494960298	72.6395519598037	chr1:1290319:TG:T	0.410308343951236	8.00555964352874
SCNN1D	0.0241780715239863	10261.1494960298	72.6395519598037	chr1:1290499:C:G	0.769406652405698	1.0000204260882
SCNN1D	0.0241780715239863	10261.1494960298	72.6395519598037	chr1:1290526:CT:C	0.102973244577729	3.0000612782646
SCNN1D	0.0241780715239863	10261.1494960298	72.6395519598037	chr1:1290544:C:CA	0.512124911540075	5.000102130441
SCNN1D	0.0241780715239863	10261.1494960298	72.6395519598037	chr1:1290690:C:G	0.769969718970157	1.00034735702172
SCNN1D	0.0241780715239863	10261.1494960298	72.6395519598037	chr1:1290918:T:TG	0.0395849503655691	1.03112889637742
SCNN1D	0.0241780715239863	10261.1494960298	72.6395519598037	chr1:1290949:CAG:C	0.0395849503655691	1.02010709895193
SCNN1D	0.0241780715239863	10261.1494960298	72.6395519598037	chr1:1291586:GC:G	0.772361856497559	1.00130895406389
ACAP3	0.399703210349487	96.7740950082824	6.04508002811797	chr1:1294416:GC:G	0.797064965271061	1.01467357512953
ACAP3	0.399703210349487	96.7740950082824	6.04508002811797	chr1:1299857:G:A	0.821319598219032	1.02521254763999
ACAP3	0.399703210349487	96.7740950082824	6.04508002811797	chr1:1299975:C:A	0.780780976120878	1.00513262708385
ACAP3	0.399703210349487	96.7740950082824	6.04508002811797	chr1:1300662:CTTCT:C	0.102973244577752	3.0000612782646
PUSL1	0.845913407762575	56.7673543357581	68.2439487181009	chr1:1308960:GA:G	0.53020867380218	10.4279111376174
PUSL1	0.845913407762575	56.7673543357581	68.2439487181009	chr1:1309128:A:AC	0.592877246144705	5.10436432637571
PUSL1	0.845913407762575	56.7673543357581	68.2439487181009	chr1:1309470:C:T	0.804186287603298	1.01654865970391
PUSL1	0.845913407762575	56.7673543357581	68.2439487181009	chr1:1309572:G:T	0.781186646169818	1.005421612519
PUSL1	0.845913407762575	56.7673543357581	68.2439487181009	chr1:1309835:AC:A	0.79718516810411	1.01496807363795
PUSL1	0.845913407762575	56.7673543357581	68.2439487181009	chr1:1309840:CG:C	0.535228646440992	45.6745102104281
PUSL1	0.845913407762575	56.7673543357581	68.2439487181009	chr1:1310668:C:T	0.102947769282786	3.0001225590326
PUSL1	0.845913407762575	56.7673543357581	68.2439487181009	chr1:1310686:C:T	0.769561830845529	1.00010213878618
INTS11	0.667789780004067	288.348806283628	66.3790287686615	chr1:1312066:AGGGGCGGCGGCCTGGAGGAGGAC:A	0.798692055926544	1.01545226391222
INTS11	0.667789780004067	288.348806283628	66.3790287686615	chr1:1312095:CCA:C	0.450247403031568	9.15254871006606
INTS11	0.667789780004067	288.348806283628	66.3790287686615	chr1:1312125:GCA:G	0.0395849503655691	1.01995833333333
INTS11	0.667789780004067	288.348806283628	66.3790287686615	chr1:1312228:CTT:C	0.823395803314802	1.02792475014697
INTS11	0.667789780004067	288.348806283628	66.3790287686615	chr1:1312263:G:A	0.665461471588709	3.05256157123558
INTS11	0.667789780004067	288.348806283628	66.3790287686615	chr1:1312490:CAG:C	0.800548009521282	1.01629543520229
INTS11	0.667789780004067	288.348806283628	66.3790287686615	chr1:1312819:T:TC	0.77084093056305	1.00059269553843
INTS11	0.667789780004067	288.348806283628	66.3790287686615	chr1:1312875:CA:C	0.515936634180112	5.00408847459013
INTS11	0.667789780004067	288.348806283628	66.3790287686615	chr1:1313515:CT:C	0.769406652405698	1.0000204260882
INTS11	0.667789780004067	288.348806283628	66.3790287686615	chr1:1313752:C:CA	0.629141838045644	20.000408521764
INTS11	0.667789780004067	288.348806283628	66.3790287686615	chr1:1313754:AAAGCCCGGTCG:A	0.769353408061788	1
INTS11	0.667789780004067	288.348806283628	66.3790287686615	chr1:1313869:T:A	0.769348830290671	1.0000204260882
INTS11	0.667789780004067	288.348806283628	66.3790287686615	chr1:1314347:C:CG	0.794719001821957	1.01276349268737
INTS11	0.667789780004067	288.348806283628	66.3790287686615	chr1:1314356:G:GT	0.795192919369006	1.01305688331574
INTS11	0.667789780004067	288.348806283628	66.3790287686615	chr1:1314830:ACCACGCT:A	0.678802106818827	2.000286000286
INTS11	0.667789780004067	288.348806283628	66.3790287686615	chr1:1315414:G:A	0.0791699007311844	2.00036772967783
INTS11	0.667789780004067	288.348806283628	66.3790287686615	chr1:1315528:CCA:C	0.611534942641449	3
INTS11	0.667789780004067	288.348806283628	66.3790287686615	chr1:1315537:C:CTT	0.678375423240293	2
INTS11	0.667789780004067	288.348806283628	66.3790287686615	chr1:1315553:C:A	0.769353408061788	1
INTS11	0.667789780004067	288.348806283628	66.3790287686615	chr1:1319335:C:T	0.769353408061788	1
INTS11	0.667789780004067	288.348806283628	66.3790287686615	chr1:1319498:G:GC	0.776226704919761	1.00301161623405
INTS11	0.667789780004067	288.348806283628	66.3790287686615	chr1:1320529:G:A	0.769252655737687	1.0004495667811
INTS11	0.667789780004067	288.348806283628	66.3790287686615	chr1:1321073:G:A	0.205712840723368	4
INTS11	0.667789780004067	288.348806283628	66.3790287686615	chr1:1323152:C:CG	0.765810903662525	2.05922187171399
CPTP	0.337476213266235	272.244930353733	13.1395922707578	chr1:1327319:CAG:C	0.769663778155829	1.00016343207354
CPTP	0.337476213266235	272.244930353733	13.1395922707578	chr1:1327401:G:T	0.784383662617478	1.0071797403773
CPTP	0.337476213266235	272.244930353733	13.1395922707578	chr1:1327424:GTCTGGCTGCCGGACGGTGC:G	0.596627137181904	4.04385983025998
CPTP	0.337476213266235	272.244930353733	13.1395922707578	chr1:1327480:TC:T	0.606228633424118	4.05810555981516
CPTP	0.337476213266235	272.244930353733	13.1395922707578	chr1:1327500:A:AG	0.796971154503389	1.0145474137931
CPTP	0.337476213266235	272.244930353733	13.1395922707578	chr1:1327523:CGCGCTCT:C	0.795927096436856	1.01383309173742
CPTP	0.337476213266235	272.244930353733	13.1395922707578	chr1:1327597:T:TGGCCTTCTGCACGCTGCCCACACGC	0.773622709350994	1.00190320270132
TAS1R3	0.284645319136903	380.838221116251	12.0721499679682	chr1:1331455:T:TG	0.57576325538134	4.01888031521918
TAS1R3	0.284645319136903	380.838221116251	12.0721499679682	chr1:1332422:G:A	0.789536395025622	1.01008892281665
TAS1R3	0.284645319136903	380.838221116251	12.0721499679682	chr1:1333029:C:T	0.776101387056301	1.00278562942936
TAS1R3	0.284645319136903	380.838221116251	12.0721499679682	chr1:1333057:TG:T	0.778869916501882	1.0039783446805
TAS1R3	0.284645319136903	380.838221116251	12.0721499679682	chr1:1333122:CAGGTG:C	0.0288556569348241	5.03641675582257
DVL1	0.443323545754563	275.240192022191	17.388285617283	chr1:1336217:C:CG	0.796950575622569	1.01465254606122
DVL1	0.443323545754563	275.240192022191	17.388285617283	chr1:1336261:G:GC	0.797328378664122	1.0148418390614
DVL1	0.443323545754563	275.240192022191	17.388285617283	chr1:1338373:C:T	0.683172247009129	2.00306855143915
DVL1	0.443323545754563	275.240192022191	17.388285617283	chr1:1339361:C:T	0.825232886315887	3.169691607139
DVL1	0.443323545754563	275.240192022191	17.388285617283	chr1:1339406:C:T	0.753638138688823	2.05283240387438
DVL1	0.443323545754563	275.240192022191	17.388285617283	chr1:1339440:C:G	0.5783953914556	5.09003576478416
DVL1	0.443323545754563	275.240192022191	17.388285617283	chr1:1342074:G:A	0.0395849503655691	1.01410609607059
DVL1	0.443323545754563	275.240192022191	17.388285617283	chr1:1342157:C:A	0.799662606882147	1.0159579987134
DVL1	0.443323545754563	275.240192022191	17.388285617283	chr1:1342440:GC:G	0.0395849503655691	1.01309881013968
MXRA8	0.693399843973493	391.5156175397	108.087123375948	chr1:1353305:G:GC	0.280735407169083	5.10191746561067
MXRA8	0.693399843973493	391.5156175397	108.087123375948	chr1:1353856:AGGTCGATGTACTTGGCAGGCAGGGGGCTGTG:A	0.777190250141194	1.00420486944393
MXRA8	0.693399843973493	391.5156175397	108.087123375948	chr1:1353877:AG:A	0.707805646523239	9.02008229441749
MXRA8	0.693399843973493	391.5156175397	108.087123375948	chr1:1354207:CG:C	0.774867715578882	1.00258027522936
MXRA8	0.693399843973493	391.5156175397	108.087123375948	chr1:1354729:C:CG	0.79064203886313	1.0098597359736
MXRA8	0.693399843973493	391.5156175397	108.087123375948	chr1:1354768:T:A	0.783282556950957	1.00628956671874
MXRA8	0.693399843973493	391.5156175397	108.087123375948	chr1:1354780:C:T	0.778466566304583	1.00395775658772
MXRA8	0.693399843973493	391.5156175397	108.087123375948	chr1:1354820:A:G	0.777148676590168	1.00331994425773
MXRA8	0.693399843973493	391.5156175397	108.087123375948	chr1:1354882:A:G	0.782163746565643	1.00577274688251
MXRA8	0.693399843973493	391.5156175397	108.087123375948	chr1:1354958:G:A	0.896548637048561	16.1737694086554
MXRA8	0.693399843973493	391.5156175397	108.087123375948	chr1:1355026:T:C	0.788087672477287	1.00854912139752
MXRA8	0.693399843973493	391.5156175397	108.087123375948	chr1:1355077:G:T	0.791318803927839	1.01058932810404
MXRA8	0.693399843973493	391.5156175397	108.087123375948	chr1:1355084:G:A	0.557333003386009	5.05806264980577
MXRA8	0.693399843973493	391.5156175397	108.087123375948	chr1:1355268:C:A	0.478376096008679	7.06115300614003
MXRA8	0.693399843973493	391.5156175397	108.087123375948	chr1:1355289:G:A	0.783867471537639	1.00628956671874
MXRA8	0.693399843973493	391.5156175397	108.087123375948	chr1:1355310:T:A	0.786122334240501	1.00755283900311
MXRA8	0.693399843973493	391.5156175397	108.087123375948	chr1:1355325:C:T	0.0791699007311844	2.0206781269992
MXRA8	0.693399843973493	391.5156175397	108.087123375948	chr1:1355540:C:T	0.808632317312321	1.01989458992146
MXRA8	0.693399843973493	391.5156175397	108.087123375948	chr1:1355552:A:T	0.462375269761962	9.17007284079084
MXRA8	0.693399843973493	391.5156175397	108.087123375948	chr1:1355591:C:G	0.698235746177299	3.07782900251467
MXRA8	0.693399843973493	391.5156175397	108.087123375948	chr1:1355620:C:T	0.85875917967172	31.9845314113507
MXRA8	0.693399843973493	391.5156175397	108.087123375948	chr1:1355621:G:T	0.834412818185911	1.03108546396529
MXRA8	0.693399843973493	391.5156175397	108.087123375948	chr1:1355627:G:A	0.838996303460864	1.0329781622534
MXRA8	0.693399843973493	391.5156175397	108.087123375948	chr1:1355641:G:A	0.0395849503655691	1.03509662142162
MXRA8	0.693399843973493	391.5156175397	108.087123375948	chr1:1355664:G:C	0.869263186631599	1.04501696941237
MXRA8	0.693399843973493	391.5156175397	108.087123375948	chr1:1355669:G:A	0.873713408935959	1.04684927406077
MXRA8	0.693399843973493	391.5156175397	108.087123375948	chr1:1355711:C:CGGACACCACGGAGCTGCCAGCA	0.921872945768755	1.0661353193528
MXRA8	0.693399843973493	391.5156175397	108.087123375948	chr1:1355723:A:G	0.0395849503655691	1.07300501895807
AURKAIP1	0.0867228865956238	688.891158656845	7.05995646314917	chr1:1374019:C:CCCTCCTGGACCTT	0.769353408061788	1
AURKAIP1	0.0867228865956238	688.891158656845	7.05995646314917	chr1:1374203:G:A	0.00313319203927928	2
AURKAIP1	0.0867228865956238	688.891158656845	7.05995646314917	chr1:1374419:CA:C	0.607781905783995	4.05995646314917
CCNL2	0.576915358339398	61.8771760395518	7.01581695873267	chr1:1387314:G:A	0.678375423240293	2
CCNL2	0.576915358339398	61.8771760395518	7.01581695873267	chr1:1390318:TTCGA:T	0.769353408061788	1
CCNL2	0.576915358339398	61.8771760395518	7.01581695873267	chr1:1390361:G:GT	0.769353408061788	1
CCNL2	0.576915358339398	61.8771760395518	7.01581695873267	chr1:1390562:AT:A	0.766092110661225	1.01534696586337
CCNL2	0.576915358339398	61.8771760395518	7.01581695873267	chr1:1395444:G:A	0.769406652405698	1.0000204260882
CCNL2	0.576915358339398	61.8771760395518	7.01581695873267	chr1:1399210:G:A	0.0395849503655691	1.0004495667811
MRPL20	0.407018219563957	125.250561922224	8.00200526116366	chr1:1402163:G:A	0.557566761929643	4
MRPL20	0.407018219563957	125.250561922224	8.00200526116366	chr1:1402198:GTCTT:G	0.769339674211499	1.00006128076805
MRPL20	0.407018219563957	125.250561922224	8.00200526116366	chr1:1402207:T:TCGTAGATGGCCAGATC	0.769353408061788	1
MRPL20	0.407018219563957	125.250561922224	8.00200526116366	chr1:1402232:C:CT	0.76945532404248	1.00006128076805
MRPL20	0.407018219563957	125.250561922224	8.00200526116366	chr1:1405874:G:A	0.768931502621486	1.00188269962755
TMEM88B	0.873985160297339	0.572738321845281	1.04561958053906	single_variant	0.873985160297339	1.04561958053906
VWA1	0.847383091509417	72.2579997023444	89.3189719376538	chr1:1439449:G:T	0.859534847318176	1.04106151785145
VWA1	0.847383091509417	72.2579997023444	89.3189719376538	chr1:1439463:C:G	0.0791699007311844	2.08407296256093
VWA1	0.847383091509417	72.2579997023444	89.3189719376538	chr1:1439464:G:T	0.86075208522335	1.04168173790932
VWA1	0.847383091509417	72.2579997023444	89.3189719376538	chr1:1439490:C:A	0.462397008435017	15.5576976039658
VWA1	0.847383091509417	72.2579997023444	89.3189719376538	chr1:1439507:C:T	0.853740972427942	1.03916116570798
VWA1	0.847383091509417	72.2579997023444	89.3189719376538	chr1:1439516:T:C	0.795960042476627	2.07907253269917
VWA1	0.847383091509417	72.2579997023444	89.3189719376538	chr1:1439540:A:G	0.863386629405997	1.04285775145912
VWA1	0.847383091509417	72.2579997023444	89.3189719376538	chr1:1439545:G:T	0.873406812081489	1.04680450725908
VWA1	0.847383091509417	72.2579997023444	89.3189719376538	chr1:1439550:G:C	0.881767282549469	1.05021773172877
VWA1	0.847383091509417	72.2579997023444	89.3189719376538	chr1:1439554:G:C	0.907033947930594	1.06022478723174
VWA1	0.847383091509417	72.2579997023444	89.3189719376538	chr1:1439564:G:T	0.931127803653762	1.06969935325992
VWA1	0.847383091509417	72.2579997023444	89.3189719376538	chr1:1439566:G:A	0.932377577038636	1.0702839778764
VWA1	0.847383091509417	72.2579997023444	89.3189719376538	chr1:1439569:G:T	0.934265875240588	1.0709863714917
VWA1	0.847383091509417	72.2579997023444	89.3189719376538	chr1:1439614:A:G	0.978453502490676	1.08843930635838
VWA1	0.847383091509417	72.2579997023444	89.3189719376538	chr1:1439633:C:T	0.985706366223783	1.09132654198524
VWA1	0.847383091509417	72.2579997023444	89.3189719376538	chr1:1439656:G:C	0.963613889735773	14.2087826222847
VWA1	0.847383091509417	72.2579997023444	89.3189719376538	chr1:1439670:C:A	0.979948748977725	6.56244135650775
VWA1	0.847383091509417	72.2579997023444	89.3189719376538	chr1:1439683:G:A	0.989353818024603	2.18806703910615
VWA1	0.847383091509417	72.2579997023444	89.3189719376538	chr1:1439699:C:G	0.993262430398092	1.09435143170083
VWA1	0.847383091509417	72.2579997023444	89.3189719376538	chr1:1439704:G:A	0.973313528525111	17.5100143061516
VWA1	0.847383091509417	72.2579997023444	89.3189719376538	chr1:1439711:C:A	0.993328334325977	1.09437589413448
VWA1	0.847383091509417	72.2579997023444	89.3189719376538	chr1:1439718:C:G	0.993328334325977	1.09437589413448
VWA1	0.847383091509417	72.2579997023444	89.3189719376538	chr1:1439734:C:T	0.988558495873718	3.28320107298536
VWA1	0.847383091509417	72.2579997023444	89.3189719376538	chr1:1439746:C:T	0.990658048689425	2.18880071532357
VWA1	0.847383091509417	72.2579997023444	89.3189719376538	chr1:1439763:G:GGGGACCGCCAGCC	0.993394093580037	1.09442482228283
VWA1	0.847383091509417	72.2579997023444	89.3189719376538	chr1:1439774:GC:G	0.988558240115157	3.28327446684848
VWA1	0.847383091509417	72.2579997023444	89.3189719376538	chr1:1439777:G:T	0.993394093580037	1.09442482228283
VWA1	0.847383091509417	72.2579997023444	89.3189719376538	chr1:1439783:C:T	0.990657839860944	2.18884964456565
ATAD3C	0.612050858784422	17.5933776337237	3.00108295580384	chr1:1455826:AAT:A	0.678649373219356	2.00077647683851
ATAD3C	0.612050858784422	17.5933776337237	3.00108295580384	chr1:1460850:G:T	0.769342559930482	1.00030647896533
NPHP4	0.63484307600669	358.18272750653	63.0839817299691	chr1:5863357:G:A	0.769353408061788	1
NPHP4	0.63484307600669	358.18272750653	63.0839817299691	chr1:5863974:G:T	0.774109001968973	1.0020672575066
NPHP4	0.63484307600669	358.18272750653	63.0839817299691	chr1:5864362:G:T	0.77538601686628	1.0028677946659
NPHP4	0.63484307600669	358.18272750653	63.0839817299691	chr1:5864422:AT:A	0.77733297432677	1.00381366357746
NPHP4	0.63484307600669	358.18272750653	63.0839817299691	chr1:5864460:C:CAA	0.0949881779238627	3.02546038808553
NPHP4	0.63484307600669	358.18272750653	63.0839817299691	chr1:5866372:C:A	0.773599045079714	1.00253921448171
NPHP4	0.63484307600669	358.18272750653	63.0839817299691	chr1:5867057:CG:C	0.771676554209177	1.00100186059825
NPHP4	0.63484307600669	358.18272750653	63.0839817299691	chr1:5867799:TGATA:T	0.316893420959901	5.00020426505433
NPHP4	0.63484307600669	358.18272750653	63.0839817299691	chr1:5867887:G:A	0.769459900012226	1.00004085301087
NPHP4	0.63484307600669	358.18272750653	63.0839817299691	chr1:5873294:CA:C	0.0395849503655691	1
NPHP4	0.63484307600669	358.18272750653	63.0839817299691	chr1:5874506:G:A	0.790674987709878	1.01086058804096
NPHP4	0.63484307600669	358.18272750653	63.0839817299691	chr1:5874892:ATC:A	0.0395849503655691	1.00004085301087
NPHP4	0.63484307600669	358.18272750653	63.0839817299691	chr1:5874958:A:AC	0.0395849503655691	1.00006128076805
NPHP4	0.63484307600669	358.18272750653	63.0839817299691	chr1:5875097:G:A	0.779167469956987	1.00449332157
NPHP4	0.63484307600669	358.18272750653	63.0839817299691	chr1:5877202:T:TCCTGGGGC	0.613878787103249	3.00196214691575
NPHP4	0.63484307600669	358.18272750653	63.0839817299691	chr1:5880113:C:CG	0.76945532404248	1.00006128076805
NPHP4	0.63484307600669	358.18272750653	63.0839817299691	chr1:5880114:G:A	0.678447554950262	2.0000408521764
NPHP4	0.63484307600669	358.18272750653	63.0839817299691	chr1:5880117:T:TTGAGCTTCCA	0.406870814608815	8
NPHP4	0.63484307600669	358.18272750653	63.0839817299691	chr1:5887326:C:CG	0.769513150881438	1.00006128076805
NPHP4	0.63484307600669	358.18272750653	63.0839817299691	chr1:5887438:A:ACAGC	0.769344252340566	1.00004085301087
NPHP4	0.63484307600669	358.18272750653	63.0839817299691	chr1:5887454:G:A	0.769353408061788	1
NPHP4	0.63484307600669	358.18272750653	63.0839817299691	chr1:5904752:AG:A	0.769353408061788	1
NPHP4	0.63484307600669	358.18272750653	63.0839817299691	chr1:5904760:TAC:T	0.769353408061788	1
NPHP4	0.63484307600669	358.18272750653	63.0839817299691	chr1:5905291:C:T	0.768874539210768	1.00239552834709
NPHP4	0.63484307600669	358.18272750653	63.0839817299691	chr1:5905781:C:T	0.769881429564231	1.00022473287433
NPHP4	0.63484307600669	358.18272750653	63.0839817299691	chr1:5905782:T:C	0.769934707437805	1.00024516814449
NPHP4	0.63484307600669	358.18272750653	63.0839817299691	chr1:5907114:C:T	0.796068756154436	1.01703435954963
NPHP4	0.63484307600669	358.18272750653	63.0839817299691	chr1:5933152:CAG:C	0.769344252340566	1.00004085301087
NPHP4	0.63484307600669	358.18272750653	63.0839817299691	chr1:5933221:G:A	0.769508575812585	1.00008170935981
NPHP4	0.63484307600669	358.18272750653	63.0839817299691	chr1:5947148:G:A	0.678519692553469	2.00008170602173
NPHP4	0.63484307600669	358.18272750653	63.0839817299691	chr1:5948220:TCCAGGGCA:T	0.680300358327692	2.00126719398287
NPHP4	0.63484307600669	358.18272750653	63.0839817299691	chr1:5952825:G:A	0.784255602256723	1.00695187165775
NPHP4	0.63484307600669	358.18272750653	63.0839817299691	chr1:5961911:G:A	0.0395849503655691	1.00004085301087
NPHP4	0.63484307600669	358.18272750653	63.0839817299691	chr1:5986157:G:A	0.33075084118048	11
NPHP4	0.63484307600669	358.18272750653	63.0839817299691	chr1:5986179:C:T	0.769353408061788	1
KCNAB2	0.685500452153042	95.2372886385529	22.4033812776664	chr1:6051657:C:T	0.773284266423223	3.133312
KCNAB2	0.685500452153042	95.2372886385529	22.4033812776664	chr1:6051753:C:T	0.978679051640577	2.18163183458848
KCNAB2	0.685500452153042	95.2372886385529	22.4033812776664	chr1:6072777:C:T	0.0395849503655691	1
KCNAB2	0.685500452153042	95.2372886385529	22.4033812776664	chr1:6073765:G:C	0.769321359905106	1.000143000143
KCNAB2	0.685500452153042	95.2372886385529	22.4033812776664	chr1:6082253:C:T	0.769014168911491	1.00151378774241
KCNAB2	0.685500452153042	95.2372886385529	22.4033812776664	chr1:6082270:G:A	0.608950353559709	3.02178788190515
KCNAB2	0.685500452153042	95.2372886385529	22.4033812776664	chr1:6087502:G:A	0.769601368268255	1.00018386483891
KCNAB2	0.685500452153042	95.2372886385529	22.4033812776664	chr1:6090427:G:A	0.772197035744451	1.0012679973822
KCNAB2	0.685500452153042	95.2372886385529	22.4033812776664	chr1:6090442:G:C	0.773172099023162	1.00184169599738
KCNAB2	0.685500452153042	95.2372886385529	22.4033812776664	chr1:6094409:G:A	0.0395849503655691	1.00936005277915
KCNAB2	0.685500452153042	95.2372886385529	22.4033812776664	chr1:6094472:C:T	0.789330184711882	1.01023482316041
KCNAB2	0.685500452153042	95.2372886385529	22.4033812776664	chr1:6095360:C:T	0.772059434563864	1.00110420415508
KCNAB2	0.685500452153042	95.2372886385529	22.4033812776664	chr1:6095399:G:A	0.769566405013341	1.00008170935981
KCNAB2	0.685500452153042	95.2372886385529	22.4033812776664	chr1:6095426:A:G	0.769779454168404	1.00016343207354
KCNAB2	0.685500452153042	95.2372886385529	22.4033812776664	chr1:6096681:C:T	0.791567087520705	1.01081884626502
KCNAB2	0.685500452153042	95.2372886385529	22.4033812776664	chr1:6097344:T:C	0.716272538115487	2.02993614727589
CHD5	0.84709542441974	124.638815068458	137.277339428048	chr1:6106448:C:T	0.786143595976594	1.00829986613119
CHD5	0.84709542441974	124.638815068458	137.277339428048	chr1:6106707:C:T	0.572986441227046	4.01541931515276
CHD5	0.84709542441974	124.638815068458	137.277339428048	chr1:6106708:G:A	0.526558804061043	5.01670253099703
CHD5	0.84709542441974	124.638815068458	137.277339428048	chr1:6106728:C:T	0.0395849503655691	1.00309381850964
CHD5	0.84709542441974	124.638815068458	137.277339428048	chr1:6106746:A:G	0.777762154250286	1.00344332855093
CHD5	0.84709542441974	124.638815068458	137.277339428048	chr1:6109891:G:A	0.770667273594557	1.00059269553843
CHD5	0.84709542441974	124.638815068458	137.277339428048	chr1:6109951:TC:T	0.785677613370363	1.00771874935677
CHD5	0.84709542441974	124.638815068458	137.277339428048	chr1:6110404:C:T	0.769561830845529	1.00010213878618
CHD5	0.84709542441974	124.638815068458	137.277339428048	chr1:6110522:C:G	0.795069142456429	1.01040161802947
CHD5	0.84709542441974	124.638815068458	137.277339428048	chr1:6111799:T:C	0.611866231012864	3.00030641635855
CHD5	0.84709542441974	124.638815068458	137.277339428048	chr1:6111800:A:G	0.769557256498834	1.00012256904723
CHD5	0.84709542441974	124.638815068458	137.277339428048	chr1:6124549:G:A	0.775211666702964	1.0028677946659
CHD5	0.84709542441974	124.638815068458	137.277339428048	chr1:6124582:G:A	0.784911359294072	1.00773949199292
CHD5	0.84709542441974	124.638815068458	137.277339428048	chr1:6124588:C:A	0.702666984661422	2.01863686966561
CHD5	0.84709542441974	124.638815068458	137.277339428048	chr1:6124597:C:T	0.790876870955028	1.01102758962498
CHD5	0.84709542441974	124.638815068458	137.277339428048	chr1:6125113:C:G	0.0791699007311844	2.02602991992386
CHD5	0.84709542441974	124.638815068458	137.277339428048	chr1:6125208:C:T	0.788652082666327	1.00923520923521
CHD5	0.84709542441974	124.638815068458	137.277339428048	chr1:6126640:C:T	0.567853180772438	4.0098284123019
CHD5	0.84709542441974	124.638815068458	137.277339428048	chr1:6126650:C:T	0.771254078005973	1.00081769491803
CHD5	0.84709542441974	124.638815068458	137.277339428048	chr1:6128105:T:A	0.771435759185086	1.00104279550985
CHD5	0.84709542441974	124.638815068458	137.277339428048	chr1:6128204:C:T	0.769934707437805	1.00024516814449
CHD5	0.84709542441974	124.638815068458	137.277339428048	chr1:6128913:C:T	0.558315949685316	4.00065372829418
CHD5	0.84709542441974	124.638815068458	137.277339428048	chr1:6130214:T:A	0.769348830290671	1.0000204260882
CHD5	0.84709542441974	124.638815068458	137.277339428048	chr1:6130232:G:A	0.769402075535178	1.00004085301087
CHD5	0.84709542441974	124.638815068458	137.277339428048	chr1:6130323:C:T	0.771551615162063	1.00104279550985
CHD5	0.84709542441974	124.638815068458	137.277339428048	chr1:6130326:G:A	0.681940047553992	2.00237218813906
CHD5	0.84709542441974	124.638815068458	137.277339428048	chr1:6130328:G:A	0.101652093688376	3.00398830098378
CHD5	0.84709542441974	124.638815068458	137.277339428048	chr1:6131657:C:T	0.0395849503655691	1.00313492470034
CHD5	0.84709542441974	124.638815068458	137.277339428048	chr1:6131667:C:T	0.678977210917499	2.00171722953635
CHD5	0.84709542441974	124.638815068458	137.277339428048	chr1:6134132:G:A	0.769876860626874	1.00024516814449
CHD5	0.84709542441974	124.638815068458	137.277339428048	chr1:6134139:T:A	0.769566405013341	1.00008170935981
CHD5	0.84709542441974	124.638815068458	137.277339428048	chr1:6134144:A:T	0.769619662407971	1.00010213878618
CHD5	0.84709542441974	124.638815068458	137.277339428048	chr1:6134148:G:A	0.769566405013341	1.00008170935981
CHD5	0.84709542441974	124.638815068458	137.277339428048	chr1:6134163:G:A	0.611527666695917	3.0000612782646
CHD5	0.84709542441974	124.638815068458	137.277339428048	chr1:6134229:C:T	0.769406652405698	1.0000204260882
CHD5	0.84709542441974	124.638815068458	137.277339428048	chr1:6134801:CG:C	0.769321359905106	1.000143000143
CHD5	0.84709542441974	124.638815068458	137.277339428048	chr1:6134803:C:A	0.769344252340566	1.00004085301087
CHD5	0.84709542441974	124.638815068458	137.277339428048	chr1:6134857:T:C	0.76993013940254	1.00026560424967
CHD5	0.84709542441974	124.638815068458	137.277339428048	chr1:6135278:G:A	0.678375423240293	2
CHD5	0.84709542441974	124.638815068458	137.277339428048	chr1:6135294:C:T	0.769353408061788	1
CHD5	0.84709542441974	124.638815068458	137.277339428048	chr1:6136529:G:A	0.788458681321877	1.00788471435924
CHD5	0.84709542441974	124.638815068458	137.277339428048	chr1:6136554:A:G	0.771956150466502	1.00130895406389
CHD5	0.84709542441974	124.638815068458	137.277339428048	chr1:6136557:G:T	0.877276951547301	11.0152996522806
CHD5	0.84709542441974	124.638815068458	137.277339428048	chr1:6136630:C:A	0.769353408061788	1
CHD5	0.84709542441974	124.638815068458	137.277339428048	chr1:6136757:C:A	0.770409795231533	1.0004495667811
CHD5	0.84709542441974	124.638815068458	137.277339428048	chr1:6136774:C:G	0.10264673155346	3.00098075272772
CHD5	0.84709542441974	124.638815068458	137.277339428048	chr1:6136793:C:G	0.679012436965677	2.00044946574867
CHD5	0.84709542441974	124.638815068458	137.277339428048	chr1:6136825:T:C	0.769520655284818	1.00028604118993
CHD5	0.84709542441974	124.638815068458	137.277339428048	chr1:6142135:C:T	0.0395849503655691	1.000143000143
CHD5	0.84709542441974	124.638815068458	137.277339428048	chr1:6142177:G:A	0.769353408061788	1
CHD5	0.84709542441974	124.638815068458	137.277339428048	chr1:6142228:G:A	0.0395849503655691	1.0000204260882
CHD5	0.84709542441974	124.638815068458	137.277339428048	chr1:6142249:G:A	0.427306215567535	6.0001225565292
CHD5	0.84709542441974	124.638815068458	137.277339428048	chr1:6142297:G:A	0.468118536555354	25
CHD5	0.84709542441974	124.638815068458	137.277339428048	chr1:6142431:A:C	0.769721615521577	1.00016343207354
CHD5	0.84709542441974	124.638815068458	137.277339428048	chr1:6142440:C:T	0.769726186985436	1.000143000143
CHD5	0.84709542441974	124.638815068458	137.277339428048	chr1:6142443:T:C	0.769672923065332	1.00012256904723
CHD5	0.84709542441974	124.638815068458	137.277339428048	chr1:6142496:C:T	0.379910110147346	9.0014708886619
CHD5	0.84709542441974	124.638815068458	137.277339428048	chr1:6142515:G:A	0.679385803451741	2.00057208237986
CHD5	0.84709542441974	124.638815068458	137.277339428048	chr1:6142601:G:A	0.904506472230057	1.05442484546962
CHD5	0.84709542441974	124.638815068458	137.277339428048	chr1:6143842:G:A	0.791352466532527	1.00983890596316
CHD5	0.84709542441974	124.638815068458	137.277339428048	chr1:6146718:CAAAG:C	0.771347179137743	1.00092000081778
CHD5	0.84709542441974	124.638815068458	137.277339428048	chr1:6179961:AT:A	0.797168715078072	1.01505224747056
RPL22	0.266504434377847	162.949043248558	4.06012481604962	chr1:6199566:G:A	0.0395849503655691	1.01496807363795
RPL22	0.266504434377847	162.949043248558	4.06012481604962	chr1:6199569:G:A	0.65590942343764	3.04515674241168
RNF207	0.726256669534533	69.399946776768	21.2604966796856	chr1:6208914:G:T	0.716423501434651	2.03002031761828
RNF207	0.726256669534533	69.399946776768	21.2604966796856	chr1:6208998:C:T	0.797338334600548	1.01509433962264
RNF207	0.726256669534533	69.399946776768	21.2604966796856	chr1:6209134:C:A	0.79718516810411	1.01496807363795
RNF207	0.726256669534533	69.399946776768	21.2604966796856	chr1:6209150:G:GAGAAC	0.797027932052357	1.01486287597687
RNF207	0.726256669534533	69.399946776768	21.2604966796856	chr1:6209156:AAGTT:A	0.797023816425499	1.01488391376451
RNF207	0.726256669534533	69.399946776768	21.2604966796856	chr1:6209423:GC:G	0.0395849503655691	1.01974588627369
RNF207	0.726256669534533	69.399946776768	21.2604966796856	chr1:6210283:GCCCA:G	0.772059434563864	1.00110420415508
RNF207	0.726256669534533	69.399946776768	21.2604966796856	chr1:6210870:G:GA	0.726858752933329	2.03614132130009
RNF207	0.726256669534533	69.399946776768	21.2604966796856	chr1:6211036:C:T	0.787227261060624	1.00873614373429
RNF207	0.726256669534533	69.399946776768	21.2604966796856	chr1:6212411:C:T	0.746072697093482	3.09945765716336
RNF207	0.726256669534533	69.399946776768	21.2604966796856	chr1:6212724:AT:A	0.611794953957417	3.00478723404255
RNF207	0.726256669534533	69.399946776768	21.2604966796856	chr1:6213158:A:T	0.76947946522845	1.0004700112394
RNF207	0.726256669534533	69.399946776768	21.2604966796856	chr1:6218310:GCAGT:G	0.769619662407971	1.00010213878618
RNF207	0.726256669534533	69.399946776768	21.2604966796856	chr1:6218311:C:T	0.769566405013341	1.00008170935981
RNF207	0.726256669534533	69.399946776768	21.2604966796856	chr1:6218315:CAG:C	0.769459900012226	1.00004085301087
ICMT	0.206107690382661	490.911288317809	10.0577655637532	chr1:6225102:T:A	0.771267714852883	1.00075632141616
ICMT	0.206107690382661	490.911288317809	10.0577655637532	chr1:6225117:C:A	0.0395849503655691	1.00036779730282
ICMT	0.206107690382661	490.911288317809	10.0577655637532	chr1:6225160:A:G	0.678808301898178	2.00024513809446
ICMT	0.206107690382661	490.911288317809	10.0577655637532	chr1:6225195:C:T	0.0395849503655691	1.00040868037108
ICMT	0.206107690382661	490.911288317809	10.0577655637532	chr1:6225202:G:A	0.770915747227611	1.00077677841374
ICMT	0.206107690382661	490.911288317809	10.0577655637532	chr1:6225207:A:T	0.771467559353256	1.00089953796459
ICMT	0.206107690382661	490.911288317809	10.0577655637532	chr1:6231943:G:C	0.769353408061788	1
ICMT	0.206107690382661	490.911288317809	10.0577655637532	chr1:6232026:G:C	0.769353408061788	1
ICMT	0.206107690382661	490.911288317809	10.0577655637532	chr1:6235736:T:C	0.891955917193698	1.05431131019037
HES3	0.337141909712634	293.493716371951	14.1864209958919	chr1:6244378:C:CGCCGG	0.61385705110807	3.00214622978967
HES3	0.337141909712634	293.493716371951	14.1864209958919	chr1:6244382:G:A	0.68037265354406	2.00130809794383
HES3	0.337141909712634	293.493716371951	14.1864209958919	chr1:6244387:C:T	0.613878787103249	3.00196214691575
HES3	0.337141909712634	293.493716371951	14.1864209958919	chr1:6244414:A:G	0.770725157973903	1.00059269553843
HES3	0.337141909712634	293.493716371951	14.1864209958919	chr1:6245149:G:A	0.66431042737965	5.18041182570419
GNB1	0.871206310021028	10.0320910545764	15.0108451542831	chr1:1789202:C:T	0.678591836049921	2.0001225615361
GNB1	0.871206310021028	10.0320910545764	15.0108451542831	chr1:1790396:C:T	0.769397498485733	1.00006128076805
GNB1	0.871206310021028	10.0320910545764	15.0108451542831	chr1:1790558:G:A	0.678880468967036	2.000286000286
GNB1	0.871206310021028	10.0320910545764	15.0108451542831	chr1:1790574:C:T	0.680023590406277	2.00102180532565
GNB1	0.871206310021028	10.0320910545764	15.0108451542831	chr1:1790582:A:G	0.770778489868901	1.00061314584696
GNB1	0.871206310021028	10.0320910545764	15.0108451542831	chr1:1793248:G:A	0.619989827880054	3.00737130922642
GNB1	0.871206310021028	10.0320910545764	15.0108451542831	chr1:1804421:G:C	0.770155502488037	1.00055179742903
GNB1	0.871206310021028	10.0320910545764	15.0108451542831	chr1:1804517:T:C	0.678692762643107	2.00049033628897
GNB1	0.871206310021028	10.0320910545764	15.0108451542831	chr1:1804574:G:T	0.0395849503655691	1.00032691757591
CALML6	0.946921943901411	1.12357527176702	12.0115754085133	chr1:1915692:G:A	0.384705116415865	9.01141197643979
CALML6	0.946921943901411	1.12357527176702	12.0115754085133	chr1:1916614:CAGTG:C	0.769779454168404	1.00016343207354
CALML6	0.946921943901411	1.12357527176702	12.0115754085133	chr1:1916771:C:A	0.0395849503655691	1
CALML6	0.946921943901411	1.12357527176702	12.0115754085133	chr1:1916814:C:T	0.769353408061788	1
TMEM52	0.745483978505335	134.20344456609	58.6634238009668	chr1:1917954:T:TAGGCCCG	0.67836922159643	2.0000408521764
TMEM52	0.745483978505335	134.20344456609	58.6634238009668	chr1:1918340:G:A	0.771058845479604	1.00065404897192
TMEM52	0.745483978505335	134.20344456609	58.6634238009668	chr1:1918430:G:C	0.779410458051045	1.00472007880479
TMEM52	0.745483978505335	134.20344456609	58.6634238009668	chr1:1918897:C:A	0.791674220991902	6.37736914092182
TMEM52	0.745483978505335	134.20344456609	58.6634238009668	chr1:1918914:C:T	0.247275123377035	6.30698872785829
TMEM52	0.745483978505335	134.20344456609	58.6634238009668	chr1:1918920:G:A	0.760481241741869	4.19529124445682
TMEM52	0.745483978505335	134.20344456609	58.6634238009668	chr1:1919055:G:T	0.817313492180702	1.02330539472859
TMEM52	0.745483978505335	134.20344456609	58.6634238009668	chr1:1919088:C:G	0.814430500241735	1.02227976028899
TMEM52	0.745483978505335	134.20344456609	58.6634238009668	chr1:1919107:GC:G	0.520877617543761	20.49609612124
TMEM52	0.745483978505335	134.20344456609	58.6634238009668	chr1:1919240:C:T	0.964471193160041	2.17412349845682
TMEM52	0.745483978505335	134.20344456609	58.6634238009668	chr1:1919241:G:A	0.927439882161864	9.78594589792564
TMEM52	0.745483978505335	134.20344456609	58.6634238009668	chr1:1919262:C:G	0.979105760709037	3.27660903513664
CFAP74	0.541491445039483	395.453001051431	41.166650662379	chr1:1922660:AG:A	0.769717043878909	1.00018386483891
CFAP74	0.541491445039483	395.453001051431	41.166650662379	chr1:1923035:G:A	0.775533580014463	1.00272401433692
CFAP74	0.541491445039483	395.453001051431	41.166650662379	chr1:1923114:T:TCC	0.789503540143377	1.00967229680959
CFAP74	0.541491445039483	395.453001051431	41.166650662379	chr1:1924517:G:A	0.712346574810491	2.02602991992386
CFAP74	0.541491445039483	395.453001051431	41.166650662379	chr1:1960009:CAG:C	0.673920290388657	20.1055419806575
CFAP74	0.541491445039483	395.453001051431	41.166650662379	chr1:1960018:A:AG	0.0395849503655691	1.00626888372762
CFAP74	0.541491445039483	395.453001051431	41.166650662379	chr1:1965028:C:CCACG	0.778731305994869	1.00408129781169
CFAP74	0.541491445039483	395.453001051431	41.166650662379	chr1:1966474:GA:G	0.61489783984298	3.00269861389377
CFAP74	0.541491445039483	395.453001051431	41.166650662379	chr1:1972003:TCAGCG:T	0.678441354399816	2.00008170602173
CFAP74	0.541491445039483	395.453001051431	41.166650662379	chr1:1972011:AC:A	0.678651590671015	2.00024513809446
CFAP74	0.541491445039483	395.453001051431	41.166650662379	chr1:1972030:G:A	0.769353408061788	1
CFAP74	0.541491445039483	395.453001051431	41.166650662379	chr1:1972078:G:A	0.678068897188309	2.0025359947644
CFAP74	0.541491445039483	395.453001051431	41.166650662379	chr1:1974164:G:A	0.613059550568095	3.00110339190846
CFAP74	0.541491445039483	395.453001051431	41.166650662379	chr1:1988537:G:A	0.782341636886552	1.00548355959007
GABRD	0.319612770437943	1781.44839895884	72.1479180169872	chr1:2025360:C:CTGGA	0.769459900012226	1.00004085301087
GABRD	0.319612770437943	1781.44839895884	72.1479180169872	chr1:2025586:C:T	0.885361274481169	11.0004493831195
GABRD	0.319612770437943	1781.44839895884	72.1479180169872	chr1:2025608:CG:C	0.769348830290671	1.0000204260882
GABRD	0.319612770437943	1781.44839895884	72.1479180169872	chr1:2025660:C:A	0.769353408061788	1
GABRD	0.319612770437943	1781.44839895884	72.1479180169872	chr1:2025662:GC:G	0.769353408061788	1
GABRD	0.319612770437943	1781.44839895884	72.1479180169872	chr1:2025667:G:A	0.769353408061788	1
GABRD	0.319612770437943	1781.44839895884	72.1479180169872	chr1:2025712:C:T	0.310366202765464	12.0019611848825
GABRD	0.319612770437943	1781.44839895884	72.1479180169872	chr1:2025737:C:T	0.770943056184297	1.00065404897192
GABRD	0.319612770437943	1781.44839895884	72.1479180169872	chr1:2027588:CTG:C	0.780386873315877	1.00533902829685
GABRD	0.319612770437943	1781.44839895884	72.1479180169872	chr1:2027598:C:T	0.00340650235565605	23.1042944785276
GABRD	0.319612770437943	1781.44839895884	72.1479180169872	chr1:2028164:C:G	0.778018352800333	1.00387541265968
GABRD	0.319612770437943	1781.44839895884	72.1479180169872	chr1:2028173:A:T	0.775770526140999	1.00297052014832
GABRD	0.319612770437943	1781.44839895884	72.1479180169872	chr1:2028214:G:A	0.684466565504499	2.00388842273295
GABRD	0.319612770437943	1781.44839895884	72.1479180169872	chr1:2028250:A:AC	0.774952713443416	1.00245710307547
GABRD	0.319612770437943	1781.44839895884	72.1479180169872	chr1:2028275:T:C	0.776812960220178	1.00325826348901
GABRD	0.319612770437943	1781.44839895884	72.1479180169872	chr1:2029201:T:C	0.795869223140604	1.01412710249399
GABRD	0.319612770437943	1781.44839895884	72.1479180169872	chr1:2029595:C:T	0.772112848063223	1.00112467537779
GABRD	0.319612770437943	1781.44839895884	72.1479180169872	chr1:2029708:C:T	0.473533372157751	6.00110318903348
GABRD	0.319612770437943	1781.44839895884	72.1479180169872	chr1:2029754:A:AGGGCAGAGGTGAGGGCCTG	0.771055959485211	1.00223136604639
GABRD	0.319612770437943	1781.44839895884	72.1479180169872	chr1:2030008:T:TC	0.0395849503655691	1.00004085301087
GABRD	0.319612770437943	1781.44839895884	72.1479180169872	chr1:2030116:CAG:C	0.678519692553469	2.00008170602173
GABRD	0.319612770437943	1781.44839895884	72.1479180169872	chr1:2030189:C:T	0.769353408061788	1
PRKCZ	0.496020268273254	291.983742287694	26.0393190508326	chr1:2055507:CAT:C	0.0730682117556019	8.00261534060725
PRKCZ	0.496020268273254	291.983742287694	26.0393190508326	chr1:2055547:T:TG	0.770196582229538	1.00036779730282
PRKCZ	0.496020268273254	291.983742287694	26.0393190508326	chr1:2059590:CAGTG:C	0.769591914425827	1.00100186059825
PRKCZ	0.496020268273254	291.983742287694	26.0393190508326	chr1:2135292:G:A	0.777048129036638	1.00513262708385
PRKCZ	0.496020268273254	291.983742287694	26.0393190508326	chr1:2150871:G:A	0.769605942071464	1.00016343207354
PRKCZ	0.496020268273254	291.983742287694	26.0393190508326	chr1:2150901:C:T	0.611958163969921	3.00030641635855
PRKCZ	0.496020268273254	291.983742287694	26.0393190508326	chr1:2150970:G:A	0.640202856578131	3.02216094981378
PRKCZ	0.496020268273254	291.983742287694	26.0393190508326	chr1:2156025:G:A	0.0395849503655691	1.00063359699144
PRKCZ	0.496020268273254	291.983742287694	26.0393190508326	chr1:2156061:G:A	0.769071359286499	1.00229292060762
PRKCZ	0.496020268273254	291.983742287694	26.0393190508326	chr1:2172098:G:A	0.770565181871621	1.00053134962806
PRKCZ	0.496020268273254	291.983742287694	26.0393190508326	chr1:2172140:C:T	0.770418914873854	1.00040868037108
PRKCZ	0.496020268273254	291.983742287694	26.0393190508326	chr1:2172179:G:A	0.769992555528909	1.00024516814449
PRKCZ	0.496020268273254	291.983742287694	26.0393190508326	chr1:2172377:G:A	0.774483577676261	1.00247762966603
PRKCZ	0.496020268273254	291.983742287694	26.0393190508326	chr1:2173953:C:T	0.769339674211499	1.00006128076805
PRKCZ	0.496020268273254	291.983742287694	26.0393190508326	chr1:2175246:G:C	0.769957523056936	1.00092000081778
FAAP20	0.339640120117746	227.874146316817	11.0190582885916	chr1:2189758:C:CT	0.771414184120005	1.00087907594807
FAAP20	0.339640120117746	227.874146316817	11.0190582885916	chr1:2193754:G:T	0.418026113503221	8.01817921264356
FAAP20	0.339640120117746	227.874146316817	11.0190582885916	chr1:2193889:G:GCTCCGGGCCGCAC	0.769353408061788	1
FAAP20	0.339640120117746	227.874146316817	11.0190582885916	chr1:2194003:C:A	0.769353408061788	1
SKI	0.975667997282542	0.98461408464197	58.9316999291605	chr1:2228852:T:G	0.809231521700084	1.02021338668
SKI	0.975667997282542	0.98461408464197	58.9316999291605	chr1:2228890:T:C	0.802800647303155	1.01726681488562
SKI	0.975667997282542	0.98461408464197	58.9316999291605	chr1:2228920:G:A	0.722009130857454	2.03326619183089
SKI	0.975667997282542	0.98461408464197	58.9316999291605	chr1:2229052:C:T	0.0395849503655691	1.00548355959007
SKI	0.975667997282542	0.98461408464197	58.9316999291605	chr1:2229137:C:T	0.0395849503655691	1.00325826348901
SKI	0.975667997282542	0.98461408464197	58.9316999291605	chr1:2229160:C:G	0.781820285296251	1.00546290971823
SKI	0.975667997282542	0.98461408464197	58.9316999291605	chr1:2229220:C:T	0.79137350280371	1.01090233326451
SKI	0.975667997282542	0.98461408464197	58.9316999291605	chr1:2304572:G:A	0.719332118290639	2.03073604745214
SKI	0.975667997282542	0.98461408464197	58.9316999291605	chr1:2306094:G:T	0.793227803032596	1.01194708557255
SKI	0.975667997282542	0.98461408464197	58.9316999291605	chr1:2306100:C:G	0.793713856408159	1.01247027194706
SKI	0.975667997282542	0.98461408464197	58.9316999291605	chr1:2306129:A:T	0.0599975573847346	8.10127001199686
SKI	0.975667997282542	0.98461408464197	58.9316999291605	chr1:2306146:G:C	0.795122453254104	1.01341337197268
SKI	0.975667997282542	0.98461408464197	58.9316999291605	chr1:2306152:C:T	0.795617546906029	1.01360220285294
SKI	0.975667997282542	0.98461408464197	58.9316999291605	chr1:2306158:C:T	0.350072616372486	13.1787385596554
SKI	0.975667997282542	0.98461408464197	58.9316999291605	chr1:2306159:G:A	0.714146814875031	2.02766618347484
SKI	0.975667997282542	0.98461408464197	58.9316999291605	chr1:2306195:G:T	0.796654337041592	1.01465254606122
SKI	0.975667997282542	0.98461408464197	58.9316999291605	chr1:2306237:A:T	0.802249791469802	1.01703435954963
SKI	0.975667997282542	0.98461408464197	58.9316999291605	chr1:2306248:C:G	0.451903041948547	10.211709738648
SKI	0.975667997282542	0.98461408464197	58.9316999291605	chr1:2306581:A:G	0.800745194904147	1.01650644685755
SKI	0.975667997282542	0.98461408464197	58.9316999291605	chr1:2306586:C:G	0.800088957439079	1.01621105506777
SKI	0.975667997282542	0.98461408464197	58.9316999291605	chr1:2306662:G:A	0.657732785320827	3.04610407117822
SKI	0.975667997282542	0.98461408464197	58.9316999291605	chr1:2306667:C:T	0.798170405891881	1.01538908246225
SKI	0.975667997282542	0.98461408464197	58.9316999291605	chr1:2306742:GGC:G	0.835038903929909	1.03097689894076
SKI	0.975667997282542	0.98461408464197	58.9316999291605	chr1:2306751:G:GGC	0.845498502641463	1.0353155134495
SKI	0.975667997282542	0.98461408464197	58.9316999291605	chr1:2306761:C:CGTAGATTCCGTGCCTG	0.862121201640678	1.04210302256279
SSU72	0.411164939271904	138.57583289718	9.05582097778624	chr1:1543874:G:T	0.771422101784401	1.00214930505803
SSU72	0.411164939271904	138.57583289718	9.05582097778624	chr1:1543939:T:C	0.770493628121069	1.00059269553843
SSU72	0.411164939271904	138.57583289718	9.05582097778624	chr1:1543961:A:G	0.770999696130946	1.00092000081778
SSU72	0.411164939271904	138.57583289718	9.05582097778624	chr1:1564544:AC:A	0.895094812949515	1.05064595046998
SSU72	0.411164939271904	138.57583289718	9.05582097778624	chr1:1564794:A:C	0.769353408061788	1
SSU72	0.411164939271904	138.57583289718	9.05582097778624	chr1:1564839:T:C	0.769353408061788	1
SSU72	0.411164939271904	138.57583289718	9.05582097778624	chr1:1564873:C:T	0.769459900012226	1.00004085301087
SSU72	0.411164939271904	138.57583289718	9.05582097778624	chr1:1564896:C:G	0.769987988574486	1.00026560424967
SSU72	0.411164939271904	138.57583289718	9.05582097778624	chr1:1564912:G:A	0.771920875579205	1.00120656864149
FNDC10	0.874783420402487	2.31693455433375	4.28317587108923	chr1:1599479:GC:G	0.773248163203882	1.00175969880504
FNDC10	0.874783420402487	2.31693455433375	4.28317587108923	chr1:1599860:G:GCGCCCGC	0.988422075038848	2.18767594619956
FNDC10	0.874783420402487	2.31693455433375	4.28317587108923	chr1:1599886:C:CGGGCAGCACCTTGTAG	0.99174783512517	1.09374022608463
MIB2	0.0554966541770843	8330.05069395464	98.3462252225187	chr1:1615512:CCA:C	0.801627714905146	1.01686536783949
MIB2	0.0554966541770843	8330.05069395464	98.3462252225187	chr1:1615550:GC:G	0.798331994517492	1.01547332614287
MIB2	0.0554966541770843	8330.05069395464	98.3462252225187	chr1:1615583:C:T	0.0791699007311844	2.03141013671916
MIB2	0.0554966541770843	8330.05069395464	98.3462252225187	chr1:1615612:C:A	0.100542743926521	65.0024272348194
MIB2	0.0554966541770843	8330.05069395464	98.3462252225187	chr1:1616565:C:T	0.268934847580682	13.1528653206307
MIB2	0.0554966541770843	8330.05069395464	98.3462252225187	chr1:1623636:AC:A	0.797503870323928	1.01515748439671
MIB2	0.0554966541770843	8330.05069395464	98.3462252225187	chr1:1624868:C:T	0.783005139453054	1.00649644340282
MIB2	0.0554966541770843	8330.05069395464	98.3462252225187	chr1:1625097:C:A	0.769885998322855	1.00020429843916
MIB2	0.0554966541770843	8330.05069395464	98.3462252225187	chr1:1626953:GGA:G	0.786884885287635	1.00840370751802
MIB2	0.0554966541770843	8330.05069395464	98.3462252225187	chr1:1626981:CG:C	0.790233730741406	1.01042247126081
MIB2	0.0554966541770843	8330.05069395464	98.3462252225187	chr1:1627343:C:G	0.769925571188542	1.00028604118993
MIB2	0.0554966541770843	8330.05069395464	98.3462252225187	chr1:1629244:A:AGCCCGCTGGACCTGGCCGCC	0.795376762291646	1.0136231884058
MIB2	0.0554966541770843	8330.05069395464	98.3462252225187	chr1:1629408:C:CGGCCCCG	0.817430842498266	1.02504082743604
MIB2	0.0554966541770843	8330.05069395464	98.3462252225187	chr1:1629655:G:T	0.0395849503655691	1.0029499733683
MIB2	0.0554966541770843	8330.05069395464	98.3462252225187	chr1:1629667:C:T	0.569507446699047	4.01188208059328
MIB2	0.0554966541770843	8330.05069395464	98.3462252225187	chr1:1629674:C:T	0.776177487059439	1.00297052014832
MIB2	0.0554966541770843	8330.05069395464	98.3462252225187	chr1:1630372:C:T	0.797248554085673	1.01494703236105
MIB2	0.0554966541770843	8330.05069395464	98.3462252225187	chr1:1630400:T:A	0.797040277943099	1.01479976784678
MMP23B	0.0826942969752588	281.741925005648	2.13473036236201	chr1:1632242:CT:C	0.910682957714327	1.06144306651635
MMP23B	0.0826942969752588	281.741925005648	2.13473036236201	chr1:1632267:G:T	0.0395849503655691	1.07328729584566
SLC35E2B	0.00360885614508777	1082.00985259945	2.02993614727589	chr1:1665996:G:GC	0.0395849503655691	1.01496807363795
SLC35E2B	0.00360885614508777	1082.00985259945	2.02993614727589	chr1:1665997:CAT:C	0.0395849503655691	1.01496807363795
SLC35E2A	0.459661311555644	148.693311505647	10.1851543646501	single_variant	0.459661311555644	10.1851543646501
NADK	0.591717362634848	26.2139978052007	4.03779495227514	chr1:1759199:CTG:C	0.637128892511958	3.02265851700932
NADK	0.591717362634848	26.2139978052007	4.03779495227514	chr1:1759779:ACT:A	0.797685852713706	1.01513643526582
MORN1	0.493776993075253	210.686270399294	18.3284729605525	chr1:2336492:TGCCGTGGGTGGTGTCCCCCTGGGGTGCAG:T	0.794657368164482	1.0106936416185
MORN1	0.493776993075253	210.686270399294	18.3284729605525	chr1:2336803:G:A	0.0942492914524834	3.02689446241988
MORN1	0.493776993075253	210.686270399294	18.3284729605525	chr1:2336812:G:A	0.0395849503655691	1.00832063269762
MORN1	0.493776993075253	210.686270399294	18.3284729605525	chr1:2384994:T:TCGGCG	0.846951384865631	2.10753336203186
MORN1	0.493776993075253	210.686270399294	18.3284729605525	chr1:2385038:C:T	0.681310308111794	4.12651452894199
MORN1	0.493776993075253	210.686270399294	18.3284729605525	chr1:2385807:T:A	0.769316780880955	1.00016343207354
MORN1	0.493776993075253	210.686270399294	18.3284729605525	chr1:2385881:C:T	0.769353408061788	1
MORN1	0.493776993075253	210.686270399294	18.3284729605525	chr1:2387472:T:TC	0.769353408061788	1
MORN1	0.493776993075253	210.686270399294	18.3284729605525	chr1:2389961:G:A	0.769303042734131	1.00022473287433
MORN1	0.493776993075253	210.686270399294	18.3284729605525	chr1:2391457:C:T	0.797681748720258	1.01515748439671
MORN1	0.493776993075253	210.686270399294	18.3284729605525	chr1:2391518:C:A	0.720745053022938	2.03297068349805
RER1	0.0415209844254405	803.030481179623	5.01022711516128	chr1:2397146:C:A	0.0395849503655691	1.00034735702172
RER1	0.0415209844254405	803.030481179623	5.01022711516128	chr1:2399452:A:G	0.767149305383448	1.00983890596316
RER1	0.0415209844254405	803.030481179623	5.01022711516128	chr1:2402272:C:T	0.0395849503655691	1
RER1	0.0415209844254405	803.030481179623	5.01022711516128	chr1:2402326:T:C	0.678447554950262	2.0000408521764
PEX10	0.0166599945873925	2661.98770056212	15.148179574116	chr1:2406791:C:CT	0.741634097699028	10.1027651671482
PEX10	0.0166599945873925	2661.98770056212	15.148179574116	chr1:2408452:G:C	0.0395849503655691	1.00008170935981
PEX10	0.0166599945873925	2661.98770056212	15.148179574116	chr1:2408485:G:T	0.769402075535178	1.00004085301087
PEX10	0.0166599945873925	2661.98770056212	15.148179574116	chr1:2408547:G:A	0.770418914873854	1.00040868037108
PEX10	0.0166599945873925	2661.98770056212	15.148179574116	chr1:2408700:G:A	0.0395849503655691	1.0055455142951
PEX10	0.0166599945873925	2661.98770056212	15.148179574116	chr1:2412498:GC:G	0.0395849503655691	1.03933764993101
PRDM16	0.18477113410864	1174.66115664809	26.0005108642503	chr1:3425594:G:A	0.615672438004816	18
PRDM16	0.18477113410864	1174.66115664809	26.0005108642503	chr1:3425637:G:A	0.0395849503655691	1
PRDM16	0.18477113410864	1174.66115664809	26.0005108642503	chr1:3425649:A:G	0.769353408061788	1
PRDM16	0.18477113410864	1174.66115664809	26.0005108642503	chr1:3425684:C:T	0.769353408061788	1
PRDM16	0.18477113410864	1174.66115664809	26.0005108642503	chr1:3425685:G:A	0.61153494264145	3
PRDM16	0.18477113410864	1174.66115664809	26.0005108642503	chr1:3426150:ACT:A	0.769248074026701	1.0004700112394
PRDM16	0.18477113410864	1174.66115664809	26.0005108642503	chr1:3433733:G:A	0.0395849503655691	1.00004085301087
ARHGEF16	0.887701551951101	8.07571008902632	16.1595410130214	chr1:3463211:CGT:C	0.793955018608767	1.01274254271648
ARHGEF16	0.887701551951101	8.07571008902632	16.1595410130214	chr1:3463259:C:T	0.564220444918177	5.07200132606759
ARHGEF16	0.887701551951101	8.07571008902632	16.1595410130214	chr1:3463272:C:CG	0.0395849503655691	1.01471563588128
ARHGEF16	0.887701551951101	8.07571008902632	16.1595410130214	chr1:3463616:C:T	0.79718516810411	1.01496807363795
ARHGEF16	0.887701551951101	8.07571008902632	16.1595410130214	chr1:3463622:C:CA	0.79718516810411	1.01496807363795
ARHGEF16	0.887701551951101	8.07571008902632	16.1595410130214	chr1:3463634:CCCAG:C	0.79718516810411	1.01496807363795
ARHGEF16	0.887701551951101	8.07571008902632	16.1595410130214	chr1:3468899:T:TG	0.797567268245512	1.01513643526582
ARHGEF16	0.887701551951101	8.07571008902632	16.1595410130214	chr1:3477914:CG:C	0.678447554950262	2.0000408521764
ARHGEF16	0.887701551951101	8.07571008902632	16.1595410130214	chr1:3478548:C:T	0.61153494264145	3
MEGF6	0.861409703231097	87.3977841999205	120.24740434075	chr1:3493848:TCA:T	0.792515139319987	1.01167524228711
MEGF6	0.861409703231097	87.3977841999205	120.24740434075	chr1:3494076:C:CACCA	0.0395849503655691	1.00792621415189
MEGF6	0.861409703231097	87.3977841999205	120.24740434075	chr1:3496736:A:AC	0.797150576465958	1.0148418390614
MEGF6	0.861409703231097	87.3977841999205	120.24740434075	chr1:3496988:G:A	0.00915163948166389	3.05560987787879
MEGF6	0.861409703231097	87.3977841999205	120.24740434075	chr1:3497047:T:TGGCAGGCC	0.79752029909231	1.01507329311024
MEGF6	0.861409703231097	87.3977841999205	120.24740434075	chr1:3497075:G:A	0.797009826850618	1.01465254606122
MEGF6	0.861409703231097	87.3977841999205	120.24740434075	chr1:3498438:G:GC	0.798066213271327	1.01501015880914
MEGF6	0.861409703231097	87.3977841999205	120.24740434075	chr1:3498770:C:A	0.797401728522398	1.01507329311024
MEGF6	0.861409703231097	87.3977841999205	120.24740434075	chr1:3499696:C:CA	0.492838476437833	7.0956561348296
MEGF6	0.861409703231097	87.3977841999205	120.24740434075	chr1:3499819:C:T	0.0395849503655691	1.01517853440053
MEGF6	0.861409703231097	87.3977841999205	120.24740434075	chr1:3499915:TG:T	0.728457595325327	2.03770914842254
MEGF6	0.861409703231097	87.3977841999205	120.24740434075	chr1:3500646:C:CG	0.0395849503655691	1.01498911578729
MEGF6	0.861409703231097	87.3977841999205	120.24740434075	chr1:3500760:A:T	0.797161229527198	1.01448434488904
MEGF6	0.861409703231097	87.3977841999205	120.24740434075	chr1:3500972:G:A	0.852768251448846	1.03424382618248
MEGF6	0.861409703231097	87.3977841999205	120.24740434075	chr1:3501183:G:A	0.586856184647719	38.1277206213879
MEGF6	0.861409703231097	87.3977841999205	120.24740434075	chr1:3501811:C:A	0.698147566071251	2.01386232286461
MEGF6	0.861409703231097	87.3977841999205	120.24740434075	chr1:3501911:CA:C	0.390039623949646	9.02155975512377
MEGF6	0.861409703231097	87.3977841999205	120.24740434075	chr1:3515509:AG:A	0.77388133629827	1.00204674771788
MEGF6	0.861409703231097	87.3977841999205	120.24740434075	chr1:3524232:G:A	0.769721615521577	1.00016343207354
MEGF6	0.861409703231097	87.3977841999205	120.24740434075	chr1:3531108:G:T	0.801377721200594	1.01692873314916
MEGF6	0.861409703231097	87.3977841999205	120.24740434075	chr1:3531153:G:T	0.501522580684392	30.5586417826603
MEGF6	0.861409703231097	87.3977841999205	120.24740434075	chr1:3531159:G:T	0.807938552880205	1.01976712699702
MEGF6	0.861409703231097	87.3977841999205	120.24740434075	chr1:3579908:CAG:C	0.43744002317073	9.12336425376843
MEGF6	0.861409703231097	87.3977841999205	120.24740434075	chr1:3595374:A:AC	0.612776217685541	3.00116471525777
MEGF6	0.861409703231097	87.3977841999205	120.24740434075	chr1:3595380:G:A	0.769397498485733	1.00006128076805
TPRG1L	0.466049029688237	96.857295770588	8.09397025478333	chr1:3625201:CCAGA:C	0.98636286563064	1.09149685646765
TPRG1L	0.466049029688237	96.857295770588	8.09397025478333	chr1:3625801:C:T	0.771707254935122	1.00112467537779
TPRG1L	0.466049029688237	96.857295770588	8.09397025478333	chr1:3627501:C:T	0.680246589775861	2.00110359485807
TPRG1L	0.466049029688237	96.857295770588	8.09397025478333	chr1:3628497:TC:T	0.611520390491479	3.0001225590326
TPRG1L	0.466049029688237	96.857295770588	8.09397025478333	chr1:3628505:CGCCCCCT:C	0.769325938750272	1.00012256904723
